id,org_id,org_name,period_type,period_value,kpi_year,completed_amount,completed_soft_sell,contract_count,created_by,created_time,updated_by,updated_time,is_deleted
1,6978,营销一部,MONTH,2025-02,2025,184.00,184.00,2,system,2026-03-03 12:00:00,,2026-03-03 12:00:00,0
2,6978,营销一部,MONTH,2025-03,2025,567.23,316.23,7,system,2026-03-03 12:00:00,,2026-03-03 12:00:00,0
3,6978,营销一部,MONTH,2025-04,2025,20.57,20.57,5,system,2026-03-03 12:00:00,,2026-03-03 12:00:00,0
4,6978,营销一部,MONTH,2025-05,2025,66.10,66.10,5,system,2026-03-03 12:00:00,,2026-03-03 12:00:00,0
5,6978,营销一部,MONTH,2025-06,2025,394.09,264.09,9,system,2026-03-03 12:00:00,,2026-03-03 12:00:00,0
6,6978,营销一部,MONTH,2025-07,2025,62.07,62.07,4,system,2026-03-03 12:00:00,,2026-03-03 12:00:00,0
7,6978,营销一部,MONTH,2025-08,2025,4.75,4.75,2,system,2026-03-03 12:00:00,,2026-03-03 12:00:00,0
8,6978,营销一部,MONTH,2025-09,2025,2.72,2.72,2,system,2026-03-03 12:00:00,,2026-03-03 12:00:00,0
9,6978,营销一部,MONTH,2025-10,2025,4.75,4.75,1,system,2026-03-03 12:00:00,,2026-03-03 12:00:00,0
10,6978,营销一部,MONTH,2025-11,2025,87.07,87.07,9,system,2026-03-03 12:00:00,,2026-03-03 12:00:00,0
11,6978,营销一部,MONTH,2025-12,2025,8.80,8.80,1,system,2026-03-03 12:00:00,,2026-03-03 12:00:00,0
12,6978,营销一部,WEEK,2025-03-02,2025,184.00,184.00,2,system,2026-03-03 12:00:00,,2026-03-03 12:00:00,0
13,6978,营销一部,WEEK,2025-03-16,2025,434.48,183.48,3,system,2026-03-03 12:00:00,,2026-03-03 12:00:00,0
14,6978,营销一部,WEEK,2025-03-23,2025,19.50,19.50,1,system,2026-03-03 12:00:00,,2026-03-03 12:00:00,0
15,6978,营销一部,WEEK,2025-03-30,2025,102.75,102.75,2,system,2026-03-03 12:00:00,,2026-03-03 12:00:00,0
16,6978,营销一部,WEEK,2025-04-06,2025,10.50,10.50,1,system,2026-03-03 12:00:00,,2026-03-03 12:00:00,0
17,6978,营销一部,WEEK,2025-04-20,2025,11.55,11.55,4,system,2026-03-03 12:00:00,,2026-03-03 12:00:00,0
18,6978,营销一部,WEEK,2025-04-27,2025,9.02,9.02,1,system,2026-03-03 12:00:00,,2026-03-03 12:00:00,0
19,6978,营销一部,WEEK,2025-05-11,2025,49.98,49.98,3,system,2026-03-03 12:00:00,,2026-03-03 12:00:00,0
20,6978,营销一部,WEEK,2025-05-18,2025,16.12,16.12,2,system,2026-03-03 12:00:00,,2026-03-03 12:00:00,0
21,6978,营销一部,WEEK,2025-06-15,2025,227.09,97.09,3,system,2026-03-03 12:00:00,,2026-03-03 12:00:00,0
22,6978,营销一部,WEEK,2025-06-22,2025,45.95,45.95,1,system,2026-03-03 12:00:00,,2026-03-03 12:00:00,0
23,6978,营销一部,WEEK,2025-06-29,2025,91.05,91.05,4,system,2026-03-03 12:00:00,,2026-03-03 12:00:00,0
24,6978,营销一部,WEEK,2025-07-06,2025,39.57,39.57,2,system,2026-03-03 12:00:00,,2026-03-03 12:00:00,0
25,6978,营销一部,WEEK,2025-07-20,2025,0.00,0.00,1,system,2026-03-03 12:00:00,,2026-03-03 12:00:00,0
26,6978,营销一部,WEEK,2025-08-03,2025,52.50,52.50,2,system,2026-03-03 12:00:00,,2026-03-03 12:00:00,0
27,6978,营销一部,WEEK,2025-08-31,2025,4.75,4.75,2,system,2026-03-03 12:00:00,,2026-03-03 12:00:00,0
28,6978,营销一部,WEEK,2025-10-05,2025,2.72,2.72,2,system,2026-03-03 12:00:00,,2026-03-03 12:00:00,0
29,6978,营销一部,WEEK,2025-11-02,2025,16.15,16.15,2,system,2026-03-03 12:00:00,,2026-03-03 12:00:00,0
30,6978,营销一部,WEEK,2025-11-09,2025,3.20,3.20,1,system,2026-03-03 12:00:00,,2026-03-03 12:00:00,0
31,6978,营销一部,WEEK,2025-11-16,2025,3.98,3.98,3,system,2026-03-03 12:00:00,,2026-03-03 12:00:00,0
32,6978,营销一部,WEEK,2025-11-23,2025,1.84,1.84,1,system,2026-03-03 12:00:00,,2026-03-03 12:00:00,0
33,6978,营销一部,WEEK,2025-11-30,2025,66.65,66.65,3,system,2026-03-03 12:00:00,,2026-03-03 12:00:00,0
34,6978,营销一部,WEEK,2025-12-07,2025,8.80,8.80,1,system,2026-03-03 12:00:00,,2026-03-03 12:00:00,0
35,6979,营销二部,MONTH,2025-01,2025,326.66,-4.54,4,system,2026-03-03 12:00:00,,2026-03-03 12:00:00,0
36,6979,营销二部,MONTH,2025-02,2025,143.38,63.58,3,system,2026-03-03 12:00:00,,2026-03-03 12:00:00,0
37,6979,营销二部,MONTH,2025-03,2025,1131.60,661.60,8,system,2026-03-03 12:00:00,,2026-03-03 12:00:00,0
38,6979,营销二部,MONTH,2025-04,2025,-47.60,-23.10,1,system,2026-03-03 12:00:00,,2026-03-03 12:00:00,0
39,6979,营销二部,MONTH,2025-05,2025,465.51,85.18,4,system,2026-03-03 12:00:00,,2026-03-03 12:00:00,0
40,6979,营销二部,MONTH,2025-06,2025,3674.31,1350.09,8,system,2026-03-03 12:00:00,,2026-03-03 12:00:00,0
41,6979,营销二部,MONTH,2025-07,2025,182.90,177.77,7,system,2026-03-03 12:00:00,,2026-03-03 12:00:00,0
42,6979,营销二部,MONTH,2025-08,2025,111.85,93.35,3,system,2026-03-03 12:00:00,,2026-03-03 12:00:00,0
43,6979,营销二部,MONTH,2025-09,2025,1006.63,849.88,11,system,2026-03-03 12:00:00,,2026-03-03 12:00:00,0
44,6979,营销二部,MONTH,2025-10,2025,40.74,40.74,4,system,2026-03-03 12:00:00,,2026-03-03 12:00:00,0
45,6979,营销二部,MONTH,2025-11,2025,454.87,283.57,12,system,2026-03-03 12:00:00,,2026-03-03 12:00:00,0
46,6979,营销二部,MONTH,2025-12,2025,25.75,25.75,4,system,2026-03-03 12:00:00,,2026-03-03 12:00:00,0
47,6979,营销二部,WEEK,2025-01-19,2025,360.00,28.80,1,system,2026-03-03 12:00:00,,2026-03-03 12:00:00,0
48,6979,营销二部,WEEK,2025-01-26,2025,-33.34,-33.34,3,system,2026-03-03 12:00:00,,2026-03-03 12:00:00,0
49,6979,营销二部,WEEK,2025-02-16,2025,143.38,63.58,3,system,2026-03-03 12:00:00,,2026-03-03 12:00:00,0
50,6979,营销二部,WEEK,2025-03-16,2025,632.13,192.13,2,system,2026-03-03 12:00:00,,2026-03-03 12:00:00,0
51,6979,营销二部,WEEK,2025-03-23,2025,188.00,188.00,2,system,2026-03-03 12:00:00,,2026-03-03 12:00:00,0
52,6979,营销二部,WEEK,2025-03-30,2025,311.47,281.47,4,system,2026-03-03 12:00:00,,2026-03-03 12:00:00,0
53,6979,营销二部,WEEK,2025-04-20,2025,-47.60,-23.10,1,system,2026-03-03 12:00:00,,2026-03-03 12:00:00,0
54,6979,营销二部,WEEK,2025-05-18,2025,273.68,50.00,1,system,2026-03-03 12:00:00,,2026-03-03 12:00:00,0
55,6979,营销二部,WEEK,2025-05-25,2025,98.25,18.45,2,system,2026-03-03 12:00:00,,2026-03-03 12:00:00,0
56,6979,营销二部,WEEK,2025-06-01,2025,93.58,16.73,1,system,2026-03-03 12:00:00,,2026-03-03 12:00:00,0
57,6979,营销二部,WEEK,2025-06-08,2025,153.50,153.50,2,system,2026-03-03 12:00:00,,2026-03-03 12:00:00,0
58,6979,营销二部,WEEK,2025-06-15,2025,15.00,0.75,1,system,2026-03-03 12:00:00,,2026-03-03 12:00:00,0
59,6979,营销二部,WEEK,2025-06-29,2025,3005.84,1095.84,4,system,2026-03-03 12:00:00,,2026-03-03 12:00:00,0
60,6979,营销二部,WEEK,2025-07-06,2025,512.47,112.50,2,system,2026-03-03 12:00:00,,2026-03-03 12:00:00,0
61,6979,营销二部,WEEK,2025-07-13,2025,5.40,0.27,1,system,2026-03-03 12:00:00,,2026-03-03 12:00:00,0
62,6979,营销二部,WEEK,2025-07-20,2025,42.40,42.40,2,system,2026-03-03 12:00:00,,2026-03-03 12:00:00,0
63,6979,营销二部,WEEK,2025-08-03,2025,122.60,122.60,3,system,2026-03-03 12:00:00,,2026-03-03 12:00:00,0
64,6979,营销二部,WEEK,2025-08-10,2025,89.65,71.15,2,system,2026-03-03 12:00:00,,2026-03-03 12:00:00,0
65,6979,营销二部,WEEK,2025-08-31,2025,22.20,22.20,1,system,2026-03-03 12:00:00,,2026-03-03 12:00:00,0
66,6979,营销二部,WEEK,2025-09-07,2025,2.43,2.43,1,system,2026-03-03 12:00:00,,2026-03-03 12:00:00,0
67,6979,营销二部,WEEK,2025-09-21,2025,116.50,116.50,3,system,2026-03-03 12:00:00,,2026-03-03 12:00:00,0
68,6979,营销二部,WEEK,2025-09-28,2025,172.00,172.00,1,system,2026-03-03 12:00:00,,2026-03-03 12:00:00,0
69,6979,营销二部,WEEK,2025-10-05,2025,727.44,570.69,8,system,2026-03-03 12:00:00,,2026-03-03 12:00:00,0
70,6979,营销二部,WEEK,2025-11-02,2025,29.00,29.00,2,system,2026-03-03 12:00:00,,2026-03-03 12:00:00,0
71,6979,营销二部,WEEK,2025-11-09,2025,38.00,38.00,1,system,2026-03-03 12:00:00,,2026-03-03 12:00:00,0
72,6979,营销二部,WEEK,2025-11-16,2025,71.83,9.83,1,system,2026-03-03 12:00:00,,2026-03-03 12:00:00,0
73,6979,营销二部,WEEK,2025-11-23,2025,51.47,51.47,3,system,2026-03-03 12:00:00,,2026-03-03 12:00:00,0
74,6979,营销二部,WEEK,2025-11-30,2025,293.57,184.28,7,system,2026-03-03 12:00:00,,2026-03-03 12:00:00,0
75,6979,营销二部,WEEK,2025-12-07,2025,25.75,25.75,4,system,2026-03-03 12:00:00,,2026-03-03 12:00:00,0
76,6980,营销六部,MONTH,2025-04,2025,0.00,0.00,2,system,2026-03-03 12:00:00,,2026-03-03 12:00:00,0
77,6980,营销六部,MONTH,2025-05,2025,179.00,18.26,2,system,2026-03-03 12:00:00,,2026-03-03 12:00:00,0
78,6980,营销六部,MONTH,2025-06,2025,225.44,220.44,3,system,2026-03-03 12:00:00,,2026-03-03 12:00:00,0
79,6980,营销六部,MONTH,2025-07,2025,10.20,10.20,1,system,2026-03-03 12:00:00,,2026-03-03 12:00:00,0
80,6980,营销六部,MONTH,2025-08,2025,0.00,0.00,2,system,2026-03-03 12:00:00,,2026-03-03 12:00:00,0
81,6980,营销六部,MONTH,2025-09,2025,6.54,6.54,1,system,2026-03-03 12:00:00,,2026-03-03 12:00:00,0
82,6980,营销六部,MONTH,2025-10,2025,100.32,3.01,3,system,2026-03-03 12:00:00,,2026-03-03 12:00:00,0
83,6980,营销六部,MONTH,2025-11,2025,148.84,95.45,9,system,2026-03-03 12:00:00,,2026-03-03 12:00:00,0
84,6980,营销六部,MONTH,2025-12,2025,38.90,38.90,1,system,2026-03-03 12:00:00,,2026-03-03 12:00:00,0
85,6980,营销六部,WEEK,2025-04-27,2025,0.00,0.00,2,system,2026-03-03 12:00:00,,2026-03-03 12:00:00,0
86,6980,营销六部,WEEK,2025-06-01,2025,179.00,18.26,2,system,2026-03-03 12:00:00,,2026-03-03 12:00:00,0
87,6980,营销六部,WEEK,2025-06-22,2025,38.80,38.80,1,system,2026-03-03 12:00:00,,2026-03-03 12:00:00,0
88,6980,营销六部,WEEK,2025-06-29,2025,46.64,46.64,1,system,2026-03-03 12:00:00,,2026-03-03 12:00:00,0
89,6980,营销六部,WEEK,2025-07-06,2025,140.00,135.00,1,system,2026-03-03 12:00:00,,2026-03-03 12:00:00,0
90,6980,营销六部,WEEK,2025-08-03,2025,10.20,10.20,1,system,2026-03-03 12:00:00,,2026-03-03 12:00:00,0
91,6980,营销六部,WEEK,2025-08-31,2025,0.00,0.00,2,system,2026-03-03 12:00:00,,2026-03-03 12:00:00,0
92,6980,营销六部,WEEK,2025-09-28,2025,6.54,6.54,1,system,2026-03-03 12:00:00,,2026-03-03 12:00:00,0
93,6980,营销六部,WEEK,2025-11-02,2025,100.32,3.01,3,system,2026-03-03 12:00:00,,2026-03-03 12:00:00,0
94,6980,营销六部,WEEK,2025-11-09,2025,9.31,0.28,2,system,2026-03-03 12:00:00,,2026-03-03 12:00:00,0
95,6980,营销六部,WEEK,2025-11-16,2025,68.40,26.01,3,system,2026-03-03 12:00:00,,2026-03-03 12:00:00,0
96,6980,营销六部,WEEK,2025-11-23,2025,56.00,56.00,1,system,2026-03-03 12:00:00,,2026-03-03 12:00:00,0
97,6980,营销六部,WEEK,2025-11-30,2025,15.13,13.16,3,system,2026-03-03 12:00:00,,2026-03-03 12:00:00,0
98,6980,营销六部,WEEK,2025-12-07,2025,38.90,38.90,1,system,2026-03-03 12:00:00,,2026-03-03 12:00:00,0
99,6982,营销十部,MONTH,2025-03,2025,40.40,7.10,3,system,2026-03-03 12:00:00,,2026-03-03 12:00:00,0
100,6982,营销十部,MONTH,2025-04,2025,0.00,0.00,1,system,2026-03-03 12:00:00,,2026-03-03 12:00:00,0
101,6982,营销十部,MONTH,2025-05,2025,821.89,11.62,4,system,2026-03-03 12:00:00,,2026-03-03 12:00:00,0
102,6982,营销十部,MONTH,2025-06,2025,28.42,28.42,2,system,2026-03-03 12:00:00,,2026-03-03 12:00:00,0
103,6982,营销十部,MONTH,2025-08,2025,8.00,8.00,2,system,2026-03-03 12:00:00,,2026-03-03 12:00:00,0
104,6982,营销十部,MONTH,2025-09,2025,0.04,0.03,2,system,2026-03-03 12:00:00,,2026-03-03 12:00:00,0
105,6982,营销十部,MONTH,2025-10,2025,92.23,733.48,3,system,2026-03-03 12:00:00,,2026-03-03 12:00:00,0
106,6982,营销十部,MONTH,2025-11,2025,104.89,35.98,4,system,2026-03-03 12:00:00,,2026-03-03 12:00:00,0
107,6982,营销十部,MONTH,2025-12,2025,474.06,4.58,4,system,2026-03-03 12:00:00,,2026-03-03 12:00:00,0
108,6982,营销十部,WEEK,2025-03-09,2025,0.00,0.00,2,system,2026-03-03 12:00:00,,2026-03-03 12:00:00,0
109,6982,营销十部,WEEK,2025-03-16,2025,40.40,7.10,1,system,2026-03-03 12:00:00,,2026-03-03 12:00:00,0
110,6982,营销十部,WEEK,2025-04-27,2025,0.00,0.00,1,system,2026-03-03 12:00:00,,2026-03-03 12:00:00,0
111,6982,营销十部,WEEK,2025-05-04,2025,810.29,0.02,2,system,2026-03-03 12:00:00,,2026-03-03 12:00:00,0
112,6982,营销十部,WEEK,2025-05-18,2025,6.60,6.60,1,system,2026-03-03 12:00:00,,2026-03-03 12:00:00,0
113,6982,营销十部,WEEK,2025-06-01,2025,5.00,5.00,1,system,2026-03-03 12:00:00,,2026-03-03 12:00:00,0
114,6982,营销十部,WEEK,2025-06-22,2025,4.00,4.00,1,system,2026-03-03 12:00:00,,2026-03-03 12:00:00,0
115,6982,营销十部,WEEK,2025-06-29,2025,24.42,24.42,1,system,2026-03-03 12:00:00,,2026-03-03 12:00:00,0
116,6982,营销十部,WEEK,2025-08-31,2025,8.00,8.00,2,system,2026-03-03 12:00:00,,2026-03-03 12:00:00,0
117,6982,营销十部,WEEK,2025-09-07,2025,0.04,0.03,2,system,2026-03-03 12:00:00,,2026-03-03 12:00:00,0
118,6982,营销十部,WEEK,2025-10-12,2025,0.00,691.25,1,system,2026-03-03 12:00:00,,2026-03-03 12:00:00,0
119,6982,营销十部,WEEK,2025-10-19,2025,50.00,0.00,1,system,2026-03-03 12:00:00,,2026-03-03 12:00:00,0
120,6982,营销十部,WEEK,2025-11-02,2025,111.14,42.23,4,system,2026-03-03 12:00:00,,2026-03-03 12:00:00,0
121,6982,营销十部,WEEK,2025-11-23,2025,35.98,35.98,1,system,2026-03-03 12:00:00,,2026-03-03 12:00:00,0
122,6982,营销十部,WEEK,2025-12-07,2025,474.06,4.58,4,system,2026-03-03 12:00:00,,2026-03-03 12:00:00,0
123,6983,营销五部,MONTH,2025-01,2025,0.00,0.00,1,system,2026-03-03 12:00:00,,2026-03-03 12:00:00,0
124,6983,营销五部,MONTH,2025-02,2025,26.92,15.22,3,system,2026-03-03 12:00:00,,2026-03-03 12:00:00,0
125,6983,营销五部,MONTH,2025-03,2025,378.69,378.69,6,system,2026-03-03 12:00:00,,2026-03-03 12:00:00,0
126,6983,营销五部,MONTH,2025-04,2025,82.71,82.71,2,system,2026-03-03 12:00:00,,2026-03-03 12:00:00,0
127,6983,营销五部,MONTH,2025-05,2025,120.00,120.00,3,system,2026-03-03 12:00:00,,2026-03-03 12:00:00,0
128,6983,营销五部,MONTH,2025-06,2025,285.76,240.26,7,system,2026-03-03 12:00:00,,2026-03-03 12:00:00,0
129,6983,营销五部,MONTH,2025-07,2025,37.87,37.87,7,system,2026-03-03 12:00:00,,2026-03-03 12:00:00,0
130,6983,营销五部,MONTH,2025-08,2025,122.31,49.71,3,system,2026-03-03 12:00:00,,2026-03-03 12:00:00,0
131,6983,营销五部,MONTH,2025-09,2025,188.49,139.37,8,system,2026-03-03 12:00:00,,2026-03-03 12:00:00,0
132,6983,营销五部,MONTH,2025-10,2025,89.01,89.01,9,system,2026-03-03 12:00:00,,2026-03-03 12:00:00,0
133,6983,营销五部,MONTH,2025-11,2025,287.95,287.95,2,system,2026-03-03 12:00:00,,2026-03-03 12:00:00,0
134,6983,营销五部,MONTH,2025-12,2025,66.82,66.82,11,system,2026-03-03 12:00:00,,2026-03-03 12:00:00,0
135,6983,营销五部,WEEK,2025-01-26,2025,0.00,0.00,1,system,2026-03-03 12:00:00,,2026-03-03 12:00:00,0
136,6983,营销五部,WEEK,2025-02-16,2025,9.92,9.92,1,system,2026-03-03 12:00:00,,2026-03-03 12:00:00,0
137,6983,营销五部,WEEK,2025-03-02,2025,17.00,5.30,2,system,2026-03-03 12:00:00,,2026-03-03 12:00:00,0
138,6983,营销五部,WEEK,2025-03-16,2025,355.00,355.00,2,system,2026-03-03 12:00:00,,2026-03-03 12:00:00,0
139,6983,营销五部,WEEK,2025-04-06,2025,23.69,23.69,4,system,2026-03-03 12:00:00,,2026-03-03 12:00:00,0
140,6983,营销五部,WEEK,2025-04-13,2025,46.00,46.00,1,system,2026-03-03 12:00:00,,2026-03-03 12:00:00,0
141,6983,营销五部,WEEK,2025-04-20,2025,36.71,36.71,1,system,2026-03-03 12:00:00,,2026-03-03 12:00:00,0
142,6983,营销五部,WEEK,2025-05-11,2025,80.00,80.00,2,system,2026-03-03 12:00:00,,2026-03-03 12:00:00,0
143,6983,营销五部,WEEK,2025-06-01,2025,40.00,40.00,1,system,2026-03-03 12:00:00,,2026-03-03 12:00:00,0
144,6983,营销五部,WEEK,2025-06-08,2025,36.71,36.71,1,system,2026-03-03 12:00:00,,2026-03-03 12:00:00,0
145,6983,营销五部,WEEK,2025-06-29,2025,159.86,114.36,4,system,2026-03-03 12:00:00,,2026-03-03 12:00:00,0
146,6983,营销五部,WEEK,2025-07-06,2025,89.20,89.20,2,system,2026-03-03 12:00:00,,2026-03-03 12:00:00,0
147,6983,营销五部,WEEK,2025-08-03,2025,37.87,37.87,7,system,2026-03-03 12:00:00,,2026-03-03 12:00:00,0
148,6983,营销五部,WEEK,2025-08-17,2025,13.00,13.00,1,system,2026-03-03 12:00:00,,2026-03-03 12:00:00,0
149,6983,营销五部,WEEK,2025-08-24,2025,36.71,36.71,1,system,2026-03-03 12:00:00,,2026-03-03 12:00:00,0
150,6983,营销五部,WEEK,2025-08-31,2025,72.60,0.00,1,system,2026-03-03 12:00:00,,2026-03-03 12:00:00,0
151,6983,营销五部,WEEK,2025-09-07,2025,17.27,17.27,2,system,2026-03-03 12:00:00,,2026-03-03 12:00:00,0
152,6983,营销五部,WEEK,2025-09-21,2025,73.00,73.00,3,system,2026-03-03 12:00:00,,2026-03-03 12:00:00,0
153,6983,营销五部,WEEK,2025-09-28,2025,95.81,46.70,2,system,2026-03-03 12:00:00,,2026-03-03 12:00:00,0
154,6983,营销五部,WEEK,2025-10-05,2025,26.07,26.07,6,system,2026-03-03 12:00:00,,2026-03-03 12:00:00,0
155,6983,营销五部,WEEK,2025-10-19,2025,51.79,51.79,2,system,2026-03-03 12:00:00,,2026-03-03 12:00:00,0
156,6983,营销五部,WEEK,2025-11-02,2025,13.54,13.54,2,system,2026-03-03 12:00:00,,2026-03-03 12:00:00,0
157,6983,营销五部,WEEK,2025-11-09,2025,280.00,280.00,1,system,2026-03-03 12:00:00,,2026-03-03 12:00:00,0
158,6983,营销五部,WEEK,2025-11-16,2025,7.95,7.95,1,system,2026-03-03 12:00:00,,2026-03-03 12:00:00,0
159,6983,营销五部,WEEK,2025-12-07,2025,66.82,66.82,11,system,2026-03-03 12:00:00,,2026-03-03 12:00:00,0
160,6984,营销九部,MONTH,2025-01,2025,79.87,79.87,4,system,2026-03-03 12:00:00,,2026-03-03 12:00:00,0
161,6984,营销九部,MONTH,2025-02,2025,477.59,441.49,3,system,2026-03-03 12:00:00,,2026-03-03 12:00:00,0
162,6984,营销九部,MONTH,2025-03,2025,1723.75,1131.75,8,system,2026-03-03 12:00:00,,2026-03-03 12:00:00,0
163,6984,营销九部,MONTH,2025-04,2025,209.85,209.85,6,system,2026-03-03 12:00:00,,2026-03-03 12:00:00,0
164,6984,营销九部,MONTH,2025-05,2025,1257.50,757.27,4,system,2026-03-03 12:00:00,,2026-03-03 12:00:00,0
165,6984,营销九部,MONTH,2025-06,2025,1324.35,798.78,13,system,2026-03-03 12:00:00,,2026-03-03 12:00:00,0
166,6984,营销九部,MONTH,2025-07,2025,673.39,531.39,10,system,2026-03-03 12:00:00,,2026-03-03 12:00:00,0
167,6984,营销九部,MONTH,2025-08,2025,39.23,39.23,4,system,2026-03-03 12:00:00,,2026-03-03 12:00:00,0
168,6984,营销九部,MONTH,2025-09,2025,1686.98,1673.48,7,system,2026-03-03 12:00:00,,2026-03-03 12:00:00,0
169,6984,营销九部,MONTH,2025-10,2025,775.19,705.19,2,system,2026-03-03 12:00:00,,2026-03-03 12:00:00,0
170,6984,营销九部,MONTH,2025-11,2025,107.11,107.11,4,system,2026-03-03 12:00:00,,2026-03-03 12:00:00,0
171,6984,营销九部,MONTH,2025-12,2025,10.03,10.03,4,system,2026-03-03 12:00:00,,2026-03-03 12:00:00,0
172,6984,营销九部,WEEK,2025-01-05,2025,9.20,9.20,1,system,2026-03-03 12:00:00,,2026-03-03 12:00:00,0
173,6984,营销九部,WEEK,2025-01-26,2025,70.67,70.67,3,system,2026-03-03 12:00:00,,2026-03-03 12:00:00,0
174,6984,营销九部,WEEK,2025-02-23,2025,442.59,406.49,2,system,2026-03-03 12:00:00,,2026-03-03 12:00:00,0
175,6984,营销九部,WEEK,2025-03-02,2025,35.00,35.00,1,system,2026-03-03 12:00:00,,2026-03-03 12:00:00,0
176,6984,营销九部,WEEK,2025-03-16,2025,83.00,51.00,1,system,2026-03-03 12:00:00,,2026-03-03 12:00:00,0
177,6984,营销九部,WEEK,2025-03-23,2025,500.00,500.00,1,system,2026-03-03 12:00:00,,2026-03-03 12:00:00,0
178,6984,营销九部,WEEK,2025-03-30,2025,1140.75,580.75,6,system,2026-03-03 12:00:00,,2026-03-03 12:00:00,0
179,6984,营销九部,WEEK,2025-04-20,2025,203.90,203.90,3,system,2026-03-03 12:00:00,,2026-03-03 12:00:00,0
180,6984,营销九部,WEEK,2025-04-27,2025,5.95,5.95,3,system,2026-03-03 12:00:00,,2026-03-03 12:00:00,0
181,6984,营销九部,WEEK,2025-05-11,2025,82.50,58.20,1,system,2026-03-03 12:00:00,,2026-03-03 12:00:00,0
182,6984,营销九部,WEEK,2025-05-25,2025,945.00,469.07,2,system,2026-03-03 12:00:00,,2026-03-03 12:00:00,0
183,6984,营销九部,WEEK,2025-06-01,2025,230.00,230.00,1,system,2026-03-03 12:00:00,,2026-03-03 12:00:00,0
184,6984,营销九部,WEEK,2025-06-15,2025,45.36,24.81,2,system,2026-03-03 12:00:00,,2026-03-03 12:00:00,0
185,6984,营销九部,WEEK,2025-06-22,2025,15.08,15.08,1,system,2026-03-03 12:00:00,,2026-03-03 12:00:00,0
186,6984,营销九部,WEEK,2025-06-29,2025,678.71,638.01,7,system,2026-03-03 12:00:00,,2026-03-03 12:00:00,0
187,6984,营销九部,WEEK,2025-07-06,2025,596.58,132.25,4,system,2026-03-03 12:00:00,,2026-03-03 12:00:00,0
188,6984,营销九部,WEEK,2025-07-20,2025,33.27,27.38,3,system,2026-03-03 12:00:00,,2026-03-03 12:00:00,0
189,6984,营销九部,WEEK,2025-08-03,2025,628.74,492.64,6,system,2026-03-03 12:00:00,,2026-03-03 12:00:00,0
190,6984,营销九部,WEEK,2025-08-24,2025,25.00,25.00,1,system,2026-03-03 12:00:00,,2026-03-03 12:00:00,0
191,6984,营销九部,WEEK,2025-08-31,2025,14.23,14.23,3,system,2026-03-03 12:00:00,,2026-03-03 12:00:00,0
192,6984,营销九部,WEEK,2025-09-14,2025,194.00,184.00,1,system,2026-03-03 12:00:00,,2026-03-03 12:00:00,0
193,6984,营销九部,WEEK,2025-09-28,2025,56.88,56.88,3,system,2026-03-03 12:00:00,,2026-03-03 12:00:00,0
194,6984,营销九部,WEEK,2025-10-05,2025,1436.10,1432.60,3,system,2026-03-03 12:00:00,,2026-03-03 12:00:00,0
195,6984,营销九部,WEEK,2025-11-02,2025,815.19,745.19,3,system,2026-03-03 12:00:00,,2026-03-03 12:00:00,0
196,6984,营销九部,WEEK,2025-11-09,2025,57.89,57.89,2,system,2026-03-03 12:00:00,,2026-03-03 12:00:00,0
197,6984,营销九部,WEEK,2025-11-23,2025,9.22,9.22,1,system,2026-03-03 12:00:00,,2026-03-03 12:00:00,0
198,6984,营销九部,WEEK,2025-12-07,2025,10.03,10.03,4,system,2026-03-03 12:00:00,,2026-03-03 12:00:00,0
199,6985,营销八部,MONTH,2025-03,2025,-205.93,-205.93,3,system,2026-03-03 12:00:00,,2026-03-03 12:00:00,0
200,6985,营销八部,MONTH,2025-04,2025,28.00,15.00,1,system,2026-03-03 12:00:00,,2026-03-03 12:00:00,0
201,6985,营销八部,MONTH,2025-06,2025,535.00,448.60,7,system,2026-03-03 12:00:00,,2026-03-03 12:00:00,0
202,6985,营销八部,MONTH,2025-07,2025,44.00,44.00,2,system,2026-03-03 12:00:00,,2026-03-03 12:00:00,0
203,6985,营销八部,MONTH,2025-08,2025,26.88,26.88,1,system,2026-03-03 12:00:00,,2026-03-03 12:00:00,0
204,6985,营销八部,MONTH,2025-09,2025,11.87,11.87,2,system,2026-03-03 12:00:00,,2026-03-03 12:00:00,0
205,6985,营销八部,MONTH,2025-10,2025,35.58,35.58,4,system,2026-03-03 12:00:00,,2026-03-03 12:00:00,0
206,6985,营销八部,MONTH,2025-11,2025,226.60,54.76,4,system,2026-03-03 12:00:00,,2026-03-03 12:00:00,0
207,6985,营销八部,MONTH,2025-12,2025,42.85,42.85,3,system,2026-03-03 12:00:00,,2026-03-03 12:00:00,0
208,6985,营销八部,WEEK,2025-03-30,2025,-205.93,-205.93,3,system,2026-03-03 12:00:00,,2026-03-03 12:00:00,0
209,6985,营销八部,WEEK,2025-04-20,2025,28.00,15.00,1,system,2026-03-03 12:00:00,,2026-03-03 12:00:00,0
210,6985,营销八部,WEEK,2025-06-08,2025,72.00,72.00,1,system,2026-03-03 12:00:00,,2026-03-03 12:00:00,0
211,6985,营销八部,WEEK,2025-06-15,2025,160.00,160.00,1,system,2026-03-03 12:00:00,,2026-03-03 12:00:00,0
212,6985,营销八部,WEEK,2025-07-06,2025,303.00,216.60,5,system,2026-03-03 12:00:00,,2026-03-03 12:00:00,0
213,6985,营销八部,WEEK,2025-07-13,2025,17.00,17.00,1,system,2026-03-03 12:00:00,,2026-03-03 12:00:00,0
214,6985,营销八部,WEEK,2025-08-03,2025,27.00,27.00,1,system,2026-03-03 12:00:00,,2026-03-03 12:00:00,0
215,6985,营销八部,WEEK,2025-08-31,2025,26.88,26.88,1,system,2026-03-03 12:00:00,,2026-03-03 12:00:00,0
216,6985,营销八部,WEEK,2025-09-21,2025,11.87,11.87,2,system,2026-03-03 12:00:00,,2026-03-03 12:00:00,0
217,6985,营销八部,WEEK,2025-10-05,2025,7.53,7.53,2,system,2026-03-03 12:00:00,,2026-03-03 12:00:00,0
218,6985,营销八部,WEEK,2025-11-02,2025,28.05,28.05,2,system,2026-03-03 12:00:00,,2026-03-03 12:00:00,0
219,6985,营销八部,WEEK,2025-11-09,2025,0.00,0.00,1,system,2026-03-03 12:00:00,,2026-03-03 12:00:00,0
220,6985,营销八部,WEEK,2025-11-23,2025,186.60,14.76,2,system,2026-03-03 12:00:00,,2026-03-03 12:00:00,0
221,6985,营销八部,WEEK,2025-11-30,2025,40.00,40.00,1,system,2026-03-03 12:00:00,,2026-03-03 12:00:00,0
222,6985,营销八部,WEEK,2025-12-07,2025,42.85,42.85,3,system,2026-03-03 12:00:00,,2026-03-03 12:00:00,0
223,6986,营销七部,MONTH,2025-01,2025,8.00,8.00,2,system,2026-03-03 12:00:00,,2026-03-03 12:00:00,0
224,6986,营销七部,MONTH,2025-02,2025,766.80,53.01,2,system,2026-03-03 12:00:00,,2026-03-03 12:00:00,0
225,6986,营销七部,MONTH,2025-05,2025,179.63,114.43,4,system,2026-03-03 12:00:00,,2026-03-03 12:00:00,0
226,6986,营销七部,MONTH,2025-06,2025,487.82,386.37,6,system,2026-03-03 12:00:00,,2026-03-03 12:00:00,0
227,6986,营销七部,MONTH,2025-07,2025,30.00,30.00,2,system,2026-03-03 12:00:00,,2026-03-03 12:00:00,0
228,6986,营销七部,MONTH,2025-09,2025,99.00,84.00,1,system,2026-03-03 12:00:00,,2026-03-03 12:00:00,0
229,6986,营销七部,MONTH,2025-10,2025,149.00,149.00,2,system,2026-03-03 12:00:00,,2026-03-03 12:00:00,0
230,6986,营销七部,MONTH,2025-11,2025,11.45,11.45,1,system,2026-03-03 12:00:00,,2026-03-03 12:00:00,0
231,6986,营销七部,MONTH,2025-12,2025,191.36,191.36,4,system,2026-03-03 12:00:00,,2026-03-03 12:00:00,0
232,6986,营销七部,WEEK,2025-01-26,2025,8.00,8.00,2,system,2026-03-03 12:00:00,,2026-03-03 12:00:00,0
233,6986,营销七部,WEEK,2025-02-09,2025,700.00,50.00,1,system,2026-03-03 12:00:00,,2026-03-03 12:00:00,0
234,6986,营销七部,WEEK,2025-02-16,2025,66.80,3.01,1,system,2026-03-03 12:00:00,,2026-03-03 12:00:00,0
235,6986,营销七部,WEEK,2025-05-11,2025,91.50,26.30,2,system,2026-03-03 12:00:00,,2026-03-03 12:00:00,0
236,6986,营销七部,WEEK,2025-05-18,2025,4.50,4.50,1,system,2026-03-03 12:00:00,,2026-03-03 12:00:00,0
237,6986,营销七部,WEEK,2025-06-01,2025,83.63,83.63,1,system,2026-03-03 12:00:00,,2026-03-03 12:00:00,0
238,6986,营销七部,WEEK,2025-06-29,2025,51.72,51.72,2,system,2026-03-03 12:00:00,,2026-03-03 12:00:00,0
239,6986,营销七部,WEEK,2025-07-06,2025,466.10,364.65,6,system,2026-03-03 12:00:00,,2026-03-03 12:00:00,0
240,6986,营销七部,WEEK,2025-10-05,2025,99.00,84.00,1,system,2026-03-03 12:00:00,,2026-03-03 12:00:00,0
241,6986,营销七部,WEEK,2025-10-19,2025,5.00,5.00,1,system,2026-03-03 12:00:00,,2026-03-03 12:00:00,0
242,6986,营销七部,WEEK,2025-11-02,2025,144.00,144.00,1,system,2026-03-03 12:00:00,,2026-03-03 12:00:00,0
243,6986,营销七部,WEEK,2025-11-16,2025,11.45,11.45,1,system,2026-03-03 12:00:00,,2026-03-03 12:00:00,0
244,6986,营销七部,WEEK,2025-12-07,2025,152.76,152.76,3,system,2026-03-03 12:00:00,,2026-03-03 12:00:00,0
245,6986,营销七部,WEEK,2025-12-14,2025,38.60,38.60,1,system,2026-03-03 12:00:00,,2026-03-03 12:00:00,0
246,6987,营销四部,MONTH,2025-01,2025,181.18,139.68,3,system,2026-03-03 12:00:00,,2026-03-03 12:00:00,0
247,6987,营销四部,MONTH,2025-03,2025,66.18,66.18,3,system,2026-03-03 12:00:00,,2026-03-03 12:00:00,0
248,6987,营销四部,MONTH,2025-04,2025,35.56,35.56,1,system,2026-03-03 12:00:00,,2026-03-03 12:00:00,0
249,6987,营销四部,MONTH,2025-05,2025,1111.36,1111.36,11,system,2026-03-03 12:00:00,,2026-03-03 12:00:00,0
250,6987,营销四部,MONTH,2025-06,2025,1122.76,1100.01,9,system,2026-03-03 12:00:00,,2026-03-03 12:00:00,0
251,6987,营销四部,MONTH,2025-07,2025,95.49,95.49,7,system,2026-03-03 12:00:00,,2026-03-03 12:00:00,0
252,6987,营销四部,MONTH,2025-08,2025,94.30,94.30,3,system,2026-03-03 12:00:00,,2026-03-03 12:00:00,0
253,6987,营销四部,MONTH,2025-09,2025,1432.87,1403.17,17,system,2026-03-03 12:00:00,,2026-03-03 12:00:00,0
254,6987,营销四部,MONTH,2025-10,2025,332.93,332.93,6,system,2026-03-03 12:00:00,,2026-03-03 12:00:00,0
255,6987,营销四部,MONTH,2025-11,2025,493.77,482.57,15,system,2026-03-03 12:00:00,,2026-03-03 12:00:00,0
256,6987,营销四部,MONTH,2025-12,2025,32.81,32.81,3,system,2026-03-03 12:00:00,,2026-03-03 12:00:00,0
257,6987,营销四部,WEEK,2025-01-26,2025,181.18,139.68,3,system,2026-03-03 12:00:00,,2026-03-03 12:00:00,0
258,6987,营销四部,WEEK,2025-03-16,2025,44.70,44.70,1,system,2026-03-03 12:00:00,,2026-03-03 12:00:00,0
259,6987,营销四部,WEEK,2025-03-30,2025,21.48,21.48,2,system,2026-03-03 12:00:00,,2026-03-03 12:00:00,0
260,6987,营销四部,WEEK,2025-04-20,2025,35.56,35.56,1,system,2026-03-03 12:00:00,,2026-03-03 12:00:00,0
261,6987,营销四部,WEEK,2025-05-11,2025,764.33,764.33,6,system,2026-03-03 12:00:00,,2026-03-03 12:00:00,0
262,6987,营销四部,WEEK,2025-05-18,2025,76.00,76.00,1,system,2026-03-03 12:00:00,,2026-03-03 12:00:00,0
263,6987,营销四部,WEEK,2025-05-25,2025,230.00,230.00,1,system,2026-03-03 12:00:00,,2026-03-03 12:00:00,0
264,6987,营销四部,WEEK,2025-06-01,2025,41.03,41.03,3,system,2026-03-03 12:00:00,,2026-03-03 12:00:00,0
265,6987,营销四部,WEEK,2025-06-08,2025,103.41,103.41,2,system,2026-03-03 12:00:00,,2026-03-03 12:00:00,0
266,6987,营销四部,WEEK,2025-06-15,2025,737.50,726.25,2,system,2026-03-03 12:00:00,,2026-03-03 12:00:00,0
267,6987,营销四部,WEEK,2025-06-22,2025,134.55,134.55,1,system,2026-03-03 12:00:00,,2026-03-03 12:00:00,0
268,6987,营销四部,WEEK,2025-06-29,2025,19.30,19.30,3,system,2026-03-03 12:00:00,,2026-03-03 12:00:00,0
269,6987,营销四部,WEEK,2025-07-06,2025,135.95,124.45,2,system,2026-03-03 12:00:00,,2026-03-03 12:00:00,0
270,6987,营销四部,WEEK,2025-07-13,2025,60.36,60.36,1,system,2026-03-03 12:00:00,,2026-03-03 12:00:00,0
271,6987,营销四部,WEEK,2025-07-27,2025,32.00,32.00,1,system,2026-03-03 12:00:00,,2026-03-03 12:00:00,0
272,6987,营销四部,WEEK,2025-08-03,2025,-4.82,-4.82,4,system,2026-03-03 12:00:00,,2026-03-03 12:00:00,0
273,6987,营销四部,WEEK,2025-08-31,2025,94.30,94.30,3,system,2026-03-03 12:00:00,,2026-03-03 12:00:00,0
274,6987,营销四部,WEEK,2025-09-07,2025,400.51,400.51,6,system,2026-03-03 12:00:00,,2026-03-03 12:00:00,0
275,6987,营销四部,WEEK,2025-09-14,2025,7.18,7.18,2,system,2026-03-03 12:00:00,,2026-03-03 12:00:00,0
276,6987,营销四部,WEEK,2025-09-28,2025,463.00,463.00,1,system,2026-03-03 12:00:00,,2026-03-03 12:00:00,0
277,6987,营销四部,WEEK,2025-10-05,2025,567.95,538.25,9,system,2026-03-03 12:00:00,,2026-03-03 12:00:00,0
278,6987,营销四部,WEEK,2025-10-19,2025,0.00,0.00,1,system,2026-03-03 12:00:00,,2026-03-03 12:00:00,0
279,6987,营销四部,WEEK,2025-11-02,2025,327.15,327.15,4,system,2026-03-03 12:00:00,,2026-03-03 12:00:00,0
280,6987,营销四部,WEEK,2025-11-09,2025,3.85,3.85,1,system,2026-03-03 12:00:00,,2026-03-03 12:00:00,0
281,6987,营销四部,WEEK,2025-11-16,2025,97.30,97.30,4,system,2026-03-03 12:00:00,,2026-03-03 12:00:00,0
282,6987,营销四部,WEEK,2025-11-23,2025,70.19,70.19,3,system,2026-03-03 12:00:00,,2026-03-03 12:00:00,0
283,6987,营销四部,WEEK,2025-11-30,2025,322.43,311.23,7,system,2026-03-03 12:00:00,,2026-03-03 12:00:00,0
284,6987,营销四部,WEEK,2025-12-07,2025,32.81,32.81,3,system,2026-03-03 12:00:00,,2026-03-03 12:00:00,0
285,6988,营销三部,MONTH,2025-01,2025,92.00,60.00,1,system,2026-03-03 12:00:00,,2026-03-03 12:00:00,0
286,6988,营销三部,MONTH,2025-02,2025,79.75,64.00,1,system,2026-03-03 12:00:00,,2026-03-03 12:00:00,0
287,6988,营销三部,MONTH,2025-03,2025,95.30,95.30,3,system,2026-03-03 12:00:00,,2026-03-03 12:00:00,0
288,6988,营销三部,MONTH,2025-05,2025,26.49,26.49,1,system,2026-03-03 12:00:00,,2026-03-03 12:00:00,0
289,6988,营销三部,MONTH,2025-06,2025,73.30,55.50,2,system,2026-03-03 12:00:00,,2026-03-03 12:00:00,0
290,6988,营销三部,MONTH,2025-07,2025,3.95,3.95,1,system,2026-03-03 12:00:00,,2026-03-03 12:00:00,0
291,6988,营销三部,MONTH,2025-08,2025,8.60,8.60,1,system,2026-03-03 12:00:00,,2026-03-03 12:00:00,0
292,6988,营销三部,MONTH,2025-09,2025,5.05,5.05,1,system,2026-03-03 12:00:00,,2026-03-03 12:00:00,0
293,6988,营销三部,MONTH,2025-10,2025,31.00,31.00,1,system,2026-03-03 12:00:00,,2026-03-03 12:00:00,0
294,6988,营销三部,MONTH,2025-11,2025,164.96,140.96,5,system,2026-03-03 12:00:00,,2026-03-03 12:00:00,0
295,6988,营销三部,MONTH,2025-12,2025,20.74,20.74,3,system,2026-03-03 12:00:00,,2026-03-03 12:00:00,0
296,6988,营销三部,WEEK,2025-01-26,2025,92.00,60.00,1,system,2026-03-03 12:00:00,,2026-03-03 12:00:00,0
297,6988,营销三部,WEEK,2025-03-02,2025,79.75,64.00,1,system,2026-03-03 12:00:00,,2026-03-03 12:00:00,0
298,6988,营销三部,WEEK,2025-03-30,2025,95.30,95.30,3,system,2026-03-03 12:00:00,,2026-03-03 12:00:00,0
299,6988,营销三部,WEEK,2025-06-01,2025,26.49,26.49,1,system,2026-03-03 12:00:00,,2026-03-03 12:00:00,0
300,6988,营销三部,WEEK,2025-06-08,2025,26.80,9.00,1,system,2026-03-03 12:00:00,,2026-03-03 12:00:00,0
301,6988,营销三部,WEEK,2025-06-29,2025,46.50,46.50,1,system,2026-03-03 12:00:00,,2026-03-03 12:00:00,0
302,6988,营销三部,WEEK,2025-08-03,2025,3.95,3.95,1,system,2026-03-03 12:00:00,,2026-03-03 12:00:00,0
303,6988,营销三部,WEEK,2025-08-31,2025,8.60,8.60,1,system,2026-03-03 12:00:00,,2026-03-03 12:00:00,0
304,6988,营销三部,WEEK,2025-09-07,2025,5.05,5.05,1,system,2026-03-03 12:00:00,,2026-03-03 12:00:00,0
305,6988,营销三部,WEEK,2025-11-02,2025,31.00,31.00,1,system,2026-03-03 12:00:00,,2026-03-03 12:00:00,0
306,6988,营销三部,WEEK,2025-11-16,2025,65.00,50.00,1,system,2026-03-03 12:00:00,,2026-03-03 12:00:00,0
307,6988,营销三部,WEEK,2025-11-23,2025,80.50,71.50,1,system,2026-03-03 12:00:00,,2026-03-03 12:00:00,0
308,6988,营销三部,WEEK,2025-11-30,2025,19.46,19.46,3,system,2026-03-03 12:00:00,,2026-03-03 12:00:00,0
309,6988,营销三部,WEEK,2025-12-07,2025,20.74,20.74,3,system,2026-03-03 12:00:00,,2026-03-03 12:00:00,0
310,7100,营销十四部,MONTH,2025-01,2025,15.92,15.92,4,system,2026-03-03 12:00:00,,2026-03-03 12:00:00,0
311,7100,营销十四部,MONTH,2025-02,2025,-60.89,-12.13,4,system,2026-03-03 12:00:00,,2026-03-03 12:00:00,0
312,7100,营销十四部,MONTH,2025-03,2025,49.18,12.62,1,system,2026-03-03 12:00:00,,2026-03-03 12:00:00,0
313,7100,营销十四部,MONTH,2025-04,2025,211.14,211.14,10,system,2026-03-03 12:00:00,,2026-03-03 12:00:00,0
314,7100,营销十四部,MONTH,2025-05,2025,18.44,18.44,1,system,2026-03-03 12:00:00,,2026-03-03 12:00:00,0
315,7100,营销十四部,MONTH,2025-06,2025,130.42,130.42,7,system,2026-03-03 12:00:00,,2026-03-03 12:00:00,0
316,7100,营销十四部,MONTH,2025-07,2025,21.94,21.94,4,system,2026-03-03 12:00:00,,2026-03-03 12:00:00,0
317,7100,营销十四部,MONTH,2025-08,2025,56.65,56.65,3,system,2026-03-03 12:00:00,,2026-03-03 12:00:00,0
318,7100,营销十四部,MONTH,2025-09,2025,70.61,57.41,10,system,2026-03-03 12:00:00,,2026-03-03 12:00:00,0
319,7100,营销十四部,MONTH,2025-10,2025,13.76,13.76,10,system,2026-03-03 12:00:00,,2026-03-03 12:00:00,0
320,7100,营销十四部,MONTH,2025-11,2025,11.38,11.38,7,system,2026-03-03 12:00:00,,2026-03-03 12:00:00,0
321,7100,营销十四部,MONTH,2025-12,2025,0.00,0.00,3,system,2026-03-03 12:00:00,,2026-03-03 12:00:00,0
322,7100,营销十四部,WEEK,2025-02-02,2025,15.92,15.92,4,system,2026-03-03 12:00:00,,2026-03-03 12:00:00,0
323,7100,营销十四部,WEEK,2025-03-02,2025,-60.89,-12.13,4,system,2026-03-03 12:00:00,,2026-03-03 12:00:00,0
324,7100,营销十四部,WEEK,2025-03-30,2025,49.18,12.62,1,system,2026-03-03 12:00:00,,2026-03-03 12:00:00,0
325,7100,营销十四部,WEEK,2025-04-27,2025,26.38,26.38,2,system,2026-03-03 12:00:00,,2026-03-03 12:00:00,0
326,7100,营销十四部,WEEK,2025-05-04,2025,184.76,184.76,8,system,2026-03-03 12:00:00,,2026-03-03 12:00:00,0
327,7100,营销十四部,WEEK,2025-06-01,2025,18.44,18.44,1,system,2026-03-03 12:00:00,,2026-03-03 12:00:00,0
328,7100,营销十四部,WEEK,2025-06-08,2025,9.47,9.47,1,system,2026-03-03 12:00:00,,2026-03-03 12:00:00,0
329,7100,营销十四部,WEEK,2025-06-15,2025,6.24,6.24,1,system,2026-03-03 12:00:00,,2026-03-03 12:00:00,0
330,7100,营销十四部,WEEK,2025-06-22,2025,21.74,21.74,2,system,2026-03-03 12:00:00,,2026-03-03 12:00:00,0
331,7100,营销十四部,WEEK,2025-07-06,2025,102.96,102.96,4,system,2026-03-03 12:00:00,,2026-03-03 12:00:00,0
332,7100,营销十四部,WEEK,2025-07-20,2025,8.99,8.99,2,system,2026-03-03 12:00:00,,2026-03-03 12:00:00,0
333,7100,营销十四部,WEEK,2025-08-03,2025,2.96,2.96,1,system,2026-03-03 12:00:00,,2026-03-03 12:00:00,0
334,7100,营销十四部,WEEK,2025-08-17,2025,5.11,5.11,2,system,2026-03-03 12:00:00,,2026-03-03 12:00:00,0
335,7100,营销十四部,WEEK,2025-08-24,2025,51.55,51.55,1,system,2026-03-03 12:00:00,,2026-03-03 12:00:00,0
336,7100,营销十四部,WEEK,2025-09-07,2025,8.15,8.15,2,system,2026-03-03 12:00:00,,2026-03-03 12:00:00,0
337,7100,营销十四部,WEEK,2025-09-14,2025,0.00,0.00,1,system,2026-03-03 12:00:00,,2026-03-03 12:00:00,0
338,7100,营销十四部,WEEK,2025-09-21,2025,27.46,14.26,4,system,2026-03-03 12:00:00,,2026-03-03 12:00:00,0
339,7100,营销十四部,WEEK,2025-09-28,2025,35.00,35.00,2,system,2026-03-03 12:00:00,,2026-03-03 12:00:00,0
340,7100,营销十四部,WEEK,2025-10-05,2025,0.00,0.00,1,system,2026-03-03 12:00:00,,2026-03-03 12:00:00,0
341,7100,营销十四部,WEEK,2025-11-02,2025,13.76,13.76,10,system,2026-03-03 12:00:00,,2026-03-03 12:00:00,0
342,7100,营销十四部,WEEK,2025-11-16,2025,0.00,0.00,2,system,2026-03-03 12:00:00,,2026-03-03 12:00:00,0
343,7100,营销十四部,WEEK,2025-11-23,2025,7.76,7.76,2,system,2026-03-03 12:00:00,,2026-03-03 12:00:00,0
344,7100,营销十四部,WEEK,2025-11-30,2025,3.62,3.62,3,system,2026-03-03 12:00:00,,2026-03-03 12:00:00,0
345,7100,营销十四部,WEEK,2025-12-07,2025,0.00,0.00,3,system,2026-03-03 12:00:00,,2026-03-03 12:00:00,0
346,7471,营销十一部,MONTH,2025-06,2025,668.77,630.77,2,system,2026-03-03 12:00:00,,2026-03-03 12:00:00,0
347,7471,营销十一部,MONTH,2025-08,2025,62.50,62.50,1,system,2026-03-03 12:00:00,,2026-03-03 12:00:00,0
348,7471,营销十一部,MONTH,2025-10,2025,-2.08,-2.08,1,system,2026-03-03 12:00:00,,2026-03-03 12:00:00,0
349,7471,营销十一部,WEEK,2025-06-08,2025,87.96,87.96,1,system,2026-03-03 12:00:00,,2026-03-03 12:00:00,0
350,7471,营销十一部,WEEK,2025-06-29,2025,580.81,542.81,1,system,2026-03-03 12:00:00,,2026-03-03 12:00:00,0
351,7471,营销十一部,WEEK,2025-08-17,2025,62.50,62.50,1,system,2026-03-03 12:00:00,,2026-03-03 12:00:00,0
352,7471,营销十一部,WEEK,2025-10-26,2025,-2.08,-2.08,1,system,2026-03-03 12:00:00,,2026-03-03 12:00:00,0
353,7472,营销十五部,MONTH,2025-02,2025,58.37,58.37,3,system,2026-03-03 12:00:00,,2026-03-03 12:00:00,0
354,7472,营销十五部,MONTH,2025-04,2025,42.00,42.00,1,system,2026-03-03 12:00:00,,2026-03-03 12:00:00,0
355,7472,营销十五部,MONTH,2025-06,2025,99.60,99.60,6,system,2026-03-03 12:00:00,,2026-03-03 12:00:00,0
356,7472,营销十五部,MONTH,2025-08,2025,50.10,50.10,2,system,2026-03-03 12:00:00,,2026-03-03 12:00:00,0
357,7472,营销十五部,MONTH,2025-10,2025,78.85,78.85,4,system,2026-03-03 12:00:00,,2026-03-03 12:00:00,0
358,7472,营销十五部,MONTH,2025-11,2025,44.50,44.50,3,system,2026-03-03 12:00:00,,2026-03-03 12:00:00,0
359,7472,营销十五部,MONTH,2025-12,2025,19.10,19.10,1,system,2026-03-03 12:00:00,,2026-03-03 12:00:00,0
360,7472,营销十五部,WEEK,2025-02-23,2025,0.77,0.77,1,system,2026-03-03 12:00:00,,2026-03-03 12:00:00,0
361,7472,营销十五部,WEEK,2025-03-02,2025,57.60,57.60,2,system,2026-03-03 12:00:00,,2026-03-03 12:00:00,0
362,7472,营销十五部,WEEK,2025-04-27,2025,42.00,42.00,1,system,2026-03-03 12:00:00,,2026-03-03 12:00:00,0
363,7472,营销十五部,WEEK,2025-06-15,2025,20.90,20.90,1,system,2026-03-03 12:00:00,,2026-03-03 12:00:00,0
364,7472,营销十五部,WEEK,2025-06-22,2025,45.70,45.70,2,system,2026-03-03 12:00:00,,2026-03-03 12:00:00,0
365,7472,营销十五部,WEEK,2025-06-29,2025,15.50,15.50,1,system,2026-03-03 12:00:00,,2026-03-03 12:00:00,0
366,7472,营销十五部,WEEK,2025-07-06,2025,17.50,17.50,2,system,2026-03-03 12:00:00,,2026-03-03 12:00:00,0
367,7472,营销十五部,WEEK,2025-08-31,2025,50.10,50.10,2,system,2026-03-03 12:00:00,,2026-03-03 12:00:00,0
368,7472,营销十五部,WEEK,2025-10-19,2025,50.00,50.00,1,system,2026-03-03 12:00:00,,2026-03-03 12:00:00,0
369,7472,营销十五部,WEEK,2025-11-02,2025,28.85,28.85,3,system,2026-03-03 12:00:00,,2026-03-03 12:00:00,0
370,7472,营销十五部,WEEK,2025-11-09,2025,38.50,38.50,1,system,2026-03-03 12:00:00,,2026-03-03 12:00:00,0
371,7472,营销十五部,WEEK,2025-11-16,2025,3.90,3.90,1,system,2026-03-03 12:00:00,,2026-03-03 12:00:00,0
372,7472,营销十五部,WEEK,2025-11-30,2025,2.10,2.10,1,system,2026-03-03 12:00:00,,2026-03-03 12:00:00,0
373,7472,营销十五部,WEEK,2025-12-07,2025,19.10,19.10,1,system,2026-03-03 12:00:00,,2026-03-03 12:00:00,0
374,7473,营销十三部,MONTH,2025-06,2025,-549.73,-309.73,7,system,2026-03-03 12:00:00,,2026-03-03 12:00:00,0
375,7473,营销十三部,MONTH,2025-09,2025,140.00,140.00,1,system,2026-03-03 12:00:00,,2026-03-03 12:00:00,0
376,7473,营销十三部,MONTH,2025-11,2025,9.80,9.80,2,system,2026-03-03 12:00:00,,2026-03-03 12:00:00,0
377,7473,营销十三部,WEEK,2025-06-22,2025,-0.52,-0.52,1,system,2026-03-03 12:00:00,,2026-03-03 12:00:00,0
378,7473,营销十三部,WEEK,2025-07-06,2025,-549.21,-309.21,6,system,2026-03-03 12:00:00,,2026-03-03 12:00:00,0
379,7473,营销十三部,WEEK,2025-09-28,2025,140.00,140.00,1,system,2026-03-03 12:00:00,,2026-03-03 12:00:00,0
380,7473,营销十三部,WEEK,2025-11-16,2025,4.80,4.80,1,system,2026-03-03 12:00:00,,2026-03-03 12:00:00,0
381,7473,营销十三部,WEEK,2025-11-30,2025,5.00,5.00,1,system,2026-03-03 12:00:00,,2026-03-03 12:00:00,0
382,7474,营销十二部,MONTH,2025-04,2025,-5.80,-5.80,1,system,2026-03-03 12:00:00,,2026-03-03 12:00:00,0
383,7474,营销十二部,MONTH,2025-06,2025,115.80,100.80,1,system,2026-03-03 12:00:00,,2026-03-03 12:00:00,0
384,7474,营销十二部,MONTH,2025-08,2025,27.50,27.50,1,system,2026-03-03 12:00:00,,2026-03-03 12:00:00,0
385,7474,营销十二部,MONTH,2025-09,2025,10.88,10.88,1,system,2026-03-03 12:00:00,,2026-03-03 12:00:00,0
386,7474,营销十二部,MONTH,2025-10,2025,11.00,11.00,1,system,2026-03-03 12:00:00,,2026-03-03 12:00:00,0
387,7474,营销十二部,MONTH,2025-11,2025,13.80,13.80,1,system,2026-03-03 12:00:00,,2026-03-03 12:00:00,0
388,7474,营销十二部,MONTH,2025-12,2025,4.78,4.78,1,system,2026-03-03 12:00:00,,2026-03-03 12:00:00,0
389,7474,营销十二部,WEEK,2025-05-04,2025,-5.80,-5.80,1,system,2026-03-03 12:00:00,,2026-03-03 12:00:00,0
390,7474,营销十二部,WEEK,2025-06-15,2025,115.80,100.80,1,system,2026-03-03 12:00:00,,2026-03-03 12:00:00,0
391,7474,营销十二部,WEEK,2025-08-10,2025,27.50,27.50,1,system,2026-03-03 12:00:00,,2026-03-03 12:00:00,0
392,7474,营销十二部,WEEK,2025-10-05,2025,10.88,10.88,1,system,2026-03-03 12:00:00,,2026-03-03 12:00:00,0
393,7474,营销十二部,WEEK,2025-10-26,2025,11.00,11.00,1,system,2026-03-03 12:00:00,,2026-03-03 12:00:00,0
394,7474,营销十二部,WEEK,2025-11-16,2025,13.80,13.80,1,system,2026-03-03 12:00:00,,2026-03-03 12:00:00,0
395,7474,营销十二部,WEEK,2025-12-07,2025,4.78,4.78,1,system,2026-03-03 12:00:00,,2026-03-03 12:00:00,0
