opp_name,project_project_name,project_project_status
国投中债-BI-项目,国投中债-BI-实施项目,完成回款
工行北京-BI-项目,工行北京-BI-续签项目,安装部署
工行北京-BI-项目,工行北京-BI-实施项目,完成回款
海淀政府-CRM-项目,海淀政府-CRM-实施项目,完成回款
招行上海-BI-项目,招行上海-BI-实施项目,完成回款
浦发银行-BI-项目,浦发银行-BI-实施项目,完成回款
天河卫健-CRM-项目,天河卫健-CRM-实施项目,完成回款
粤省人民医院-BI-项目,粤省人民医院-BI-实施项目,收入确认
平安银行-BI-项目,平安银行-BI-实施项目,完成回款
成都高新-CRM-项目,成都高新-CRM-实施项目,收入确认
川省教育厅-BI-项目,川省教育厅-BI-实施项目,项目上线
武汉商行-BI-项目,武汉商行-BI-实施项目,完成回款
鄂省卫健-CRM-项目,鄂省卫健-CRM-实施项目,收入确认
南京银行-BI-项目,南京银行-BI-实施项目,完成回款
苏省数据-CRM-项目,苏省数据-CRM-实施项目,收入确认
浙大-BI-项目,浙大-BI-实施项目,完成回款
阿里巴巴-数据工厂-项目,阿里巴巴-数据工厂-实施项目,收入确认
宁波银行-BI-项目,宁波银行-BI-实施项目,完成回款
腾讯-数据工厂-项目,腾讯-数据工厂-实施项目,收入确认
越秀教育-CRM-项目,越秀教育-CRM-实施项目,收入确认
华为-数据工厂-项目,华为-数据工厂-实施项目,收入确认
建行天津-BI-项目,建行天津-BI-实施项目,收入确认
天津滨海-BI-项目,天津滨海-BI-实施项目,收入确认
农行山东-BI-项目,农行山东-BI-实施项目,收入确认
郑州银行-BI-项目,郑州银行-BI-实施项目,项目上线
豫省卫健-CRM-项目,河南卫健-CRM-实施项目,项目启动
重庆农商-BI-项目,重庆农商-BI-实施项目,收入确认
贵州大数据-CRM-项目,贵州大数据-CRM-实施项目,项目上线
云南数字-CRM-项目,云南数字-CRM-实施项目,项目交付
厦门国际银行-BI-项目,厦门国际银行-BI-实施项目,收入确认
苏州工业园-BI-项目,苏州工业园-BI-实施项目,收入确认
无锡大数据-CRM-项目,无锡大数据-CRM-实施项目,项目上线
上海大数据-CRM-项目,沪大数据-CRM-实施项目,完成回款
中国电信上海-MASS-项目,中国电信沪分-MASS-实施项目,收入确认
北京银行-BI-项目,北京银行-BI-实施项目,收入确认
中移动广东-MASS-项目,移动广东-MASS-实施项目,完成回款
广州农商-BI-项目,广州农商银行-BI-实施项目,完成回款
湖南大数据-CRM-项目,湖南大数据-CRM-实施项目,项目启动
长沙银行-BI-项目,长沙银行-BI-实施项目,收入确认
徽商银行-BI-项目,徽商银行-BI-实施项目,收入确认
广西人民医院-BI-项目,广西人民医院-BI-实施项目,安装部署
兰州银行-BI-项目,兰州银行-BI-实施项目,项目交付
内蒙古大数据-CRM-项目,内蒙古大数据-CRM-实施项目,安装部署
哈尔滨银行-BI-项目,哈尔滨银行-BI-实施项目,项目交付
吉林银行-BI-项目,吉林银行-BI-实施项目,项目启动
盛京银行-BI-项目,盛京银行-BI-实施项目,收入确认
中行广东-BI-项目,中行广东-BI-实施项目,项目交付
福州银行-BI-项目,福州银行-BI-实施项目,完成回款
贵阳银行-BI-项目,贵阳银行-BI-实施项目,项目交付
太平洋保险-数据工厂-项目,太平洋保险-数据工厂-实施项目,项目上线
国泰君安-BI-项目,国泰君安-BI-实施项目,收入确认
深交所-BI-项目,深交所-BI-实施项目,项目上线
工行北京-CRM-项目,工行北京-CRM-实施项目,收入确认
招行上海-MASS-项目,招商银行沪-MASS-实施项目,项目交付
招行上海-MASS-项目,招行上海-MASS-实施项目,收入确认
平安银行-CRM-项目,平安银行-CRM-实施项目,项目上线
华为-CRM-项目,华为-CRM-实施项目,项目上线
阿里巴巴-CRM-项目,阿里巴巴-CRM-实施项目,项目上线
武汉商行-CRM-项目,武汉商行-CRM-实施项目,项目交付
浦发银行-数据工厂-项目,浦发银行-数据工厂-实施项目,项目上线
腾讯-CRM-项目,腾讯-CRM-实施项目,项目上线
南京银行-MASS-项目,南京银行-MASS-实施项目,项目上线
苏省数据-数据工厂-项目,苏省数据-数据工厂-实施项目,项目上线
重庆农商-CRM-项目,重庆农商-CRM-实施项目,项目上线
苏州工业园-CRM-项目,苏州工业园-CRM-实施项目,项目启动
徽商银行-CRM-项目,徽商银行-CRM-实施项目,收入确认
西安银行-CRM-项目,西安银行-CRM-实施项目,项目上线
上交所-CRM-项目,上交所-CRM-实施项目,项目启动
深交所-CRM-项目,深交所-CRM-实施项目,安装部署
青岛银行-BI-项目,青岛银行-BI-实施项目,项目上线
江西银行-CRM-项目,江西银行-CRM-实施项目,项目交付
桂林银行-BI-项目,桂林银行-BI-实施项目,项目上线
宁夏银行-CRM-项目,宁夏银行-CRM-实施项目,安装部署
内蒙古银行-BI-项目,内蒙古银行-BI-实施项目,项目上线
吉林银行-CRM-项目,吉林银行-CRM-实施项目,安装部署
山西银行-BI-项目,山西银行-BI-实施项目,项目上线
上交所-数据工厂-项目,上交所-数据工厂-实施项目,项目交付
北京大数据-BI-项目,北京大数据-BI-实施项目,收入确认
海南大数据-CRM-项目,海南大数据-CRM-实施项目,项目交付
陕西数字政府-CRM-项目,陕西数字政府-CRM-实施项目,项目上线
湖南大数据-BI-项目,湖南大数据-BI-实施项目,项目交付
济南大数据-CRM-项目,济南大数据-CRM-实施项目,安装部署
合肥大数据-BI-项目,合肥大数据-BI-实施项目,项目上线
南昌政务-CRM-项目,南昌政务-CRM-实施项目,项目交付
南宁大数据-BI-项目,南宁大数据-BI-实施项目,安装部署
甘肃数据-CRM-项目,甘肃数据-CRM-实施项目,项目启动
内蒙古大数据-BI-项目,内蒙古大数据-BI-实施项目,项目交付
黑龙江政务-CRM-项目,黑龙江政务-CRM-实施项目,安装部署
长春数据-BI-项目,长春数据-BI-实施项目,项目启动
山西大数据-CRM-项目,山西大数据-CRM-实施项目,项目交付
广州数据-数据工厂-项目,广州数据-数据工厂-实施项目,项目上线
深圳数字政府-BI-项目,深圳数字政府-BI-实施项目,项目交付
福建数字办-CRM-项目,福建数字办-CRM-实施项目,收入确认
昆明大数据-BI-项目,昆明大数据-BI-实施项目,安装部署
成都大数据-CRM-项目,成都大数据-CRM-实施项目,项目启动
渝市大数据-BI-项目,渝市大数据-BI-实施项目,项目启动
北京协和-BI-项目,北京协和-BI-实施项目,收入确认
川省人民医院-BI-项目,川省人民医院-BI-实施项目,项目上线
安徽省立-CRM-项目,安徽省立-CRM-实施项目,项目交付
辽省人民医院-CRM-项目,辽省人民医院-CRM-实施项目,项目启动
