id,emp_no,user_id,period_type,period_value,kpi_year,completed_contract_amount,completed_soft_sell,contract_count,created_by,created_time,updated_by,updated_time,is_deleted
1,0000000001,,MONTH,2025-03,2025,300.00,50.00,1,system,2026-03-03 12:00:00,,2026-03-03 12:00:00,0
2,0000000001,,WEEK,2025-03-16,2025,300.00,50.00,1,system,2026-03-03 12:00:00,,2026-03-03 12:00:00,0
3,0027000157,,MONTH,2025-06,2025,-522.58,-282.58,3,system,2026-03-03 12:00:00,,2026-03-03 12:00:00,0
4,0027000157,,MONTH,2025-11,2025,4.80,4.80,1,system,2026-03-03 12:00:00,,2026-03-03 12:00:00,0
5,0027000157,,WEEK,2025-07-06,2025,-522.58,-282.58,3,system,2026-03-03 12:00:00,,2026-03-03 12:00:00,0
6,0027000157,,WEEK,2025-11-16,2025,4.80,4.80,1,system,2026-03-03 12:00:00,,2026-03-03 12:00:00,0
7,0027000851,,MONTH,2025-04,2025,-5.80,-5.80,1,system,2026-03-03 12:00:00,,2026-03-03 12:00:00,0
8,0027000851,,MONTH,2025-06,2025,115.80,100.80,1,system,2026-03-03 12:00:00,,2026-03-03 12:00:00,0
9,0027000851,,MONTH,2025-08,2025,27.50,27.50,1,system,2026-03-03 12:00:00,,2026-03-03 12:00:00,0
10,0027000851,,MONTH,2025-09,2025,10.88,10.88,1,system,2026-03-03 12:00:00,,2026-03-03 12:00:00,0
11,0027000851,,MONTH,2025-11,2025,13.80,13.80,1,system,2026-03-03 12:00:00,,2026-03-03 12:00:00,0
12,0027000851,,MONTH,2025-12,2025,4.78,4.78,1,system,2026-03-03 12:00:00,,2026-03-03 12:00:00,0
13,0027000851,,WEEK,2025-05-04,2025,-5.80,-5.80,1,system,2026-03-03 12:00:00,,2026-03-03 12:00:00,0
14,0027000851,,WEEK,2025-06-15,2025,115.80,100.80,1,system,2026-03-03 12:00:00,,2026-03-03 12:00:00,0
15,0027000851,,WEEK,2025-08-10,2025,27.50,27.50,1,system,2026-03-03 12:00:00,,2026-03-03 12:00:00,0
16,0027000851,,WEEK,2025-10-05,2025,10.88,10.88,1,system,2026-03-03 12:00:00,,2026-03-03 12:00:00,0
17,0027000851,,WEEK,2025-11-16,2025,13.80,13.80,1,system,2026-03-03 12:00:00,,2026-03-03 12:00:00,0
18,0027000851,,WEEK,2025-12-07,2025,4.78,4.78,1,system,2026-03-03 12:00:00,,2026-03-03 12:00:00,0
19,0027001572,,MONTH,2025-01,2025,63.31,63.31,2,system,2026-03-03 12:00:00,,2026-03-03 12:00:00,0
20,0027001572,,MONTH,2025-02,2025,401.09,401.09,1,system,2026-03-03 12:00:00,,2026-03-03 12:00:00,0
21,0027001572,,MONTH,2025-03,2025,1129.15,569.15,5,system,2026-03-03 12:00:00,,2026-03-03 12:00:00,0
22,0027001572,,MONTH,2025-04,2025,209.85,209.85,6,system,2026-03-03 12:00:00,,2026-03-03 12:00:00,0
23,0027001572,,MONTH,2025-05,2025,945.00,469.07,1,system,2026-03-03 12:00:00,,2026-03-03 12:00:00,0
24,0027001572,,MONTH,2025-06,2025,482.32,461.78,4,system,2026-03-03 12:00:00,,2026-03-03 12:00:00,0
25,0027001572,,MONTH,2025-07,2025,530.12,460.12,5,system,2026-03-03 12:00:00,,2026-03-03 12:00:00,0
26,0027001572,,MONTH,2025-09,2025,1461.63,1451.63,4,system,2026-03-03 12:00:00,,2026-03-03 12:00:00,0
27,0027001572,,MONTH,2025-10,2025,105.43,105.43,1,system,2026-03-03 12:00:00,,2026-03-03 12:00:00,0
28,0027001572,,MONTH,2025-11,2025,91.50,91.50,2,system,2026-03-03 12:00:00,,2026-03-03 12:00:00,0
29,0027001572,,MONTH,2025-12,2025,10.03,10.03,4,system,2026-03-03 12:00:00,,2026-03-03 12:00:00,0
30,0027001572,,WEEK,2025-01-26,2025,63.31,63.31,2,system,2026-03-03 12:00:00,,2026-03-03 12:00:00,0
31,0027001572,,WEEK,2025-02-23,2025,401.09,401.09,1,system,2026-03-03 12:00:00,,2026-03-03 12:00:00,0
32,0027001572,,WEEK,2025-03-30,2025,1129.15,569.15,5,system,2026-03-03 12:00:00,,2026-03-03 12:00:00,0
33,0027001572,,WEEK,2025-04-20,2025,203.90,203.90,3,system,2026-03-03 12:00:00,,2026-03-03 12:00:00,0
34,0027001572,,WEEK,2025-04-27,2025,5.95,5.95,3,system,2026-03-03 12:00:00,,2026-03-03 12:00:00,0
35,0027001572,,WEEK,2025-05-25,2025,945.00,469.07,1,system,2026-03-03 12:00:00,,2026-03-03 12:00:00,0
36,0027001572,,WEEK,2025-06-15,2025,23.34,2.80,1,system,2026-03-03 12:00:00,,2026-03-03 12:00:00,0
37,0027001572,,WEEK,2025-06-29,2025,403.58,403.58,2,system,2026-03-03 12:00:00,,2026-03-03 12:00:00,0
38,0027001572,,WEEK,2025-07-06,2025,66.78,66.78,2,system,2026-03-03 12:00:00,,2026-03-03 12:00:00,0
39,0027001572,,WEEK,2025-08-03,2025,518.74,448.74,4,system,2026-03-03 12:00:00,,2026-03-03 12:00:00,0
40,0027001572,,WEEK,2025-09-14,2025,194.00,184.00,1,system,2026-03-03 12:00:00,,2026-03-03 12:00:00,0
41,0027001572,,WEEK,2025-09-28,2025,46.88,46.88,2,system,2026-03-03 12:00:00,,2026-03-03 12:00:00,0
42,0027001572,,WEEK,2025-10-05,2025,1220.75,1220.75,1,system,2026-03-03 12:00:00,,2026-03-03 12:00:00,0
43,0027001572,,WEEK,2025-11-02,2025,145.43,145.43,2,system,2026-03-03 12:00:00,,2026-03-03 12:00:00,0
44,0027001572,,WEEK,2025-11-09,2025,51.50,51.50,1,system,2026-03-03 12:00:00,,2026-03-03 12:00:00,0
45,0027001572,,WEEK,2025-12-07,2025,10.03,10.03,4,system,2026-03-03 12:00:00,,2026-03-03 12:00:00,0
46,0027001661,,MONTH,2025-07,2025,44.00,44.00,2,system,2026-03-03 12:00:00,,2026-03-03 12:00:00,0
47,0027001661,,MONTH,2025-10,2025,7.53,7.53,2,system,2026-03-03 12:00:00,,2026-03-03 12:00:00,0
48,0027001661,,WEEK,2025-07-13,2025,17.00,17.00,1,system,2026-03-03 12:00:00,,2026-03-03 12:00:00,0
49,0027001661,,WEEK,2025-08-03,2025,27.00,27.00,1,system,2026-03-03 12:00:00,,2026-03-03 12:00:00,0
50,0027001661,,WEEK,2025-10-05,2025,7.53,7.53,2,system,2026-03-03 12:00:00,,2026-03-03 12:00:00,0
51,0027005061,,MONTH,2025-01,2025,12.36,12.36,2,system,2026-03-03 12:00:00,,2026-03-03 12:00:00,0
52,0027005061,,MONTH,2025-02,2025,7.89,7.89,3,system,2026-03-03 12:00:00,,2026-03-03 12:00:00,0
53,0027005061,,MONTH,2025-04,2025,50.02,50.02,3,system,2026-03-03 12:00:00,,2026-03-03 12:00:00,0
54,0027005061,,MONTH,2025-05,2025,18.44,18.44,1,system,2026-03-03 12:00:00,,2026-03-03 12:00:00,0
55,0027005061,,MONTH,2025-06,2025,40.97,40.97,3,system,2026-03-03 12:00:00,,2026-03-03 12:00:00,0
56,0027005061,,MONTH,2025-09,2025,6.86,6.86,3,system,2026-03-03 12:00:00,,2026-03-03 12:00:00,0
57,0027005061,,MONTH,2025-10,2025,7.47,7.47,3,system,2026-03-03 12:00:00,,2026-03-03 12:00:00,0
58,0027005061,,MONTH,2025-11,2025,11.38,11.38,5,system,2026-03-03 12:00:00,,2026-03-03 12:00:00,0
59,0027005061,,WEEK,2025-02-02,2025,12.36,12.36,2,system,2026-03-03 12:00:00,,2026-03-03 12:00:00,0
60,0027005061,,WEEK,2025-03-02,2025,7.89,7.89,3,system,2026-03-03 12:00:00,,2026-03-03 12:00:00,0
61,0027005061,,WEEK,2025-05-04,2025,50.02,50.02,3,system,2026-03-03 12:00:00,,2026-03-03 12:00:00,0
62,0027005061,,WEEK,2025-06-01,2025,18.44,18.44,1,system,2026-03-03 12:00:00,,2026-03-03 12:00:00,0
63,0027005061,,WEEK,2025-06-22,2025,0.00,0.00,1,system,2026-03-03 12:00:00,,2026-03-03 12:00:00,0
64,0027005061,,WEEK,2025-07-06,2025,40.97,40.97,2,system,2026-03-03 12:00:00,,2026-03-03 12:00:00,0
65,0027005061,,WEEK,2025-09-21,2025,6.86,6.86,3,system,2026-03-03 12:00:00,,2026-03-03 12:00:00,0
66,0027005061,,WEEK,2025-11-02,2025,7.47,7.47,3,system,2026-03-03 12:00:00,,2026-03-03 12:00:00,0
67,0027005061,,WEEK,2025-11-23,2025,7.76,7.76,2,system,2026-03-03 12:00:00,,2026-03-03 12:00:00,0
68,0027005061,,WEEK,2025-11-30,2025,3.62,3.62,3,system,2026-03-03 12:00:00,,2026-03-03 12:00:00,0
69,0027006272,,MONTH,2025-01,2025,0.00,0.00,1,system,2026-03-03 12:00:00,,2026-03-03 12:00:00,0
70,0027006272,,MONTH,2025-03,2025,16.16,16.16,1,system,2026-03-03 12:00:00,,2026-03-03 12:00:00,0
71,0027006272,,MONTH,2025-05,2025,2.69,2.69,1,system,2026-03-03 12:00:00,,2026-03-03 12:00:00,0
72,0027006272,,MONTH,2025-06,2025,9.70,9.70,1,system,2026-03-03 12:00:00,,2026-03-03 12:00:00,0
73,0027006272,,MONTH,2025-07,2025,-4.82,-4.82,3,system,2026-03-03 12:00:00,,2026-03-03 12:00:00,0
74,0027006272,,MONTH,2025-09,2025,13.56,13.56,2,system,2026-03-03 12:00:00,,2026-03-03 12:00:00,0
75,0027006272,,MONTH,2025-10,2025,5.78,5.78,1,system,2026-03-03 12:00:00,,2026-03-03 12:00:00,0
76,0027006272,,MONTH,2025-11,2025,11.60,11.60,2,system,2026-03-03 12:00:00,,2026-03-03 12:00:00,0
77,0027006272,,MONTH,2025-12,2025,2.81,2.81,2,system,2026-03-03 12:00:00,,2026-03-03 12:00:00,0
78,0027006272,,WEEK,2025-01-26,2025,0.00,0.00,1,system,2026-03-03 12:00:00,,2026-03-03 12:00:00,0
79,0027006272,,WEEK,2025-03-30,2025,16.16,16.16,1,system,2026-03-03 12:00:00,,2026-03-03 12:00:00,0
80,0027006272,,WEEK,2025-05-11,2025,2.69,2.69,1,system,2026-03-03 12:00:00,,2026-03-03 12:00:00,0
81,0027006272,,WEEK,2025-06-29,2025,9.70,9.70,1,system,2026-03-03 12:00:00,,2026-03-03 12:00:00,0
82,0027006272,,WEEK,2025-08-03,2025,-4.82,-4.82,3,system,2026-03-03 12:00:00,,2026-03-03 12:00:00,0
83,0027006272,,WEEK,2025-09-07,2025,13.56,13.56,2,system,2026-03-03 12:00:00,,2026-03-03 12:00:00,0
84,0027006272,,WEEK,2025-10-05,2025,5.78,5.78,1,system,2026-03-03 12:00:00,,2026-03-03 12:00:00,0
85,0027006272,,WEEK,2025-11-16,2025,9.70,9.70,1,system,2026-03-03 12:00:00,,2026-03-03 12:00:00,0
86,0027006272,,WEEK,2025-11-30,2025,1.90,1.90,1,system,2026-03-03 12:00:00,,2026-03-03 12:00:00,0
87,0027006272,,WEEK,2025-12-07,2025,2.81,2.81,2,system,2026-03-03 12:00:00,,2026-03-03 12:00:00,0
88,0027006281,,MONTH,2025-03,2025,77.00,77.00,1,system,2026-03-03 12:00:00,,2026-03-03 12:00:00,0
89,0027006281,,MONTH,2025-04,2025,-47.60,-23.10,1,system,2026-03-03 12:00:00,,2026-03-03 12:00:00,0
90,0027006281,,MONTH,2025-05,2025,357.68,54.20,2,system,2026-03-03 12:00:00,,2026-03-03 12:00:00,0
91,0027006281,,MONTH,2025-06,2025,10.50,10.50,1,system,2026-03-03 12:00:00,,2026-03-03 12:00:00,0
92,0027006281,,MONTH,2025-07,2025,42.40,42.40,2,system,2026-03-03 12:00:00,,2026-03-03 12:00:00,0
93,0027006281,,MONTH,2025-08,2025,22.20,22.20,1,system,2026-03-03 12:00:00,,2026-03-03 12:00:00,0
94,0027006281,,MONTH,2025-09,2025,238.71,238.71,2,system,2026-03-03 12:00:00,,2026-03-03 12:00:00,0
95,0027006281,,MONTH,2025-10,2025,11.74,11.74,2,system,2026-03-03 12:00:00,,2026-03-03 12:00:00,0
96,0027006281,,MONTH,2025-11,2025,101.02,91.52,3,system,2026-03-03 12:00:00,,2026-03-03 12:00:00,0
97,0027006281,,MONTH,2025-12,2025,0.00,0.00,1,system,2026-03-03 12:00:00,,2026-03-03 12:00:00,0
98,0027006281,,WEEK,2025-03-30,2025,77.00,77.00,1,system,2026-03-03 12:00:00,,2026-03-03 12:00:00,0
99,0027006281,,WEEK,2025-04-20,2025,-47.60,-23.10,1,system,2026-03-03 12:00:00,,2026-03-03 12:00:00,0
100,0027006281,,WEEK,2025-05-18,2025,273.68,50.00,1,system,2026-03-03 12:00:00,,2026-03-03 12:00:00,0
101,0027006281,,WEEK,2025-05-25,2025,84.00,4.20,1,system,2026-03-03 12:00:00,,2026-03-03 12:00:00,0
102,0027006281,,WEEK,2025-06-08,2025,10.50,10.50,1,system,2026-03-03 12:00:00,,2026-03-03 12:00:00,0
103,0027006281,,WEEK,2025-07-20,2025,42.40,42.40,1,system,2026-03-03 12:00:00,,2026-03-03 12:00:00,0
104,0027006281,,WEEK,2025-08-03,2025,0.00,0.00,1,system,2026-03-03 12:00:00,,2026-03-03 12:00:00,0
105,0027006281,,WEEK,2025-08-31,2025,22.20,22.20,1,system,2026-03-03 12:00:00,,2026-03-03 12:00:00,0
106,0027006281,,WEEK,2025-10-05,2025,250.44,250.44,4,system,2026-03-03 12:00:00,,2026-03-03 12:00:00,0
107,0027006281,,WEEK,2025-11-23,2025,31.88,31.88,1,system,2026-03-03 12:00:00,,2026-03-03 12:00:00,0
108,0027006281,,WEEK,2025-11-30,2025,69.15,59.65,2,system,2026-03-03 12:00:00,,2026-03-03 12:00:00,0
109,0027006281,,WEEK,2025-12-07,2025,0.00,0.00,1,system,2026-03-03 12:00:00,,2026-03-03 12:00:00,0
110,0027006541,,MONTH,2025-06,2025,668.77,630.77,2,system,2026-03-03 12:00:00,,2026-03-03 12:00:00,0
111,0027006541,,MONTH,2025-08,2025,62.50,62.50,1,system,2026-03-03 12:00:00,,2026-03-03 12:00:00,0
112,0027006541,,MONTH,2025-10,2025,-2.08,-2.08,1,system,2026-03-03 12:00:00,,2026-03-03 12:00:00,0
113,0027006541,,WEEK,2025-06-08,2025,87.96,87.96,1,system,2026-03-03 12:00:00,,2026-03-03 12:00:00,0
114,0027006541,,WEEK,2025-06-29,2025,580.81,542.81,1,system,2026-03-03 12:00:00,,2026-03-03 12:00:00,0
115,0027006541,,WEEK,2025-08-17,2025,62.50,62.50,1,system,2026-03-03 12:00:00,,2026-03-03 12:00:00,0
116,0027006541,,WEEK,2025-10-26,2025,-2.08,-2.08,1,system,2026-03-03 12:00:00,,2026-03-03 12:00:00,0
117,0027010786,,MONTH,2025-03,2025,-205.93,-205.93,3,system,2026-03-03 12:00:00,,2026-03-03 12:00:00,0
118,0027010786,,MONTH,2025-06,2025,160.00,160.00,1,system,2026-03-03 12:00:00,,2026-03-03 12:00:00,0
119,0027010786,,WEEK,2025-03-30,2025,-205.93,-205.93,3,system,2026-03-03 12:00:00,,2026-03-03 12:00:00,0
120,0027010786,,WEEK,2025-06-15,2025,160.00,160.00,1,system,2026-03-03 12:00:00,,2026-03-03 12:00:00,0
121,0027010790,,MONTH,2025-10,2025,0.00,691.25,1,system,2026-03-03 12:00:00,,2026-03-03 12:00:00,0
122,0027010790,,WEEK,2025-10-12,2025,0.00,691.25,1,system,2026-03-03 12:00:00,,2026-03-03 12:00:00,0
123,0027010968,,MONTH,2025-02,2025,28.21,28.21,2,system,2026-03-03 12:00:00,,2026-03-03 12:00:00,0
124,0027010968,,MONTH,2025-06,2025,143.00,143.00,1,system,2026-03-03 12:00:00,,2026-03-03 12:00:00,0
125,0027010968,,MONTH,2025-07,2025,32.60,32.60,1,system,2026-03-03 12:00:00,,2026-03-03 12:00:00,0
126,0027010968,,MONTH,2025-09,2025,33.93,33.93,3,system,2026-03-03 12:00:00,,2026-03-03 12:00:00,0
127,0027010968,,MONTH,2025-10,2025,17.50,17.50,1,system,2026-03-03 12:00:00,,2026-03-03 12:00:00,0
128,0027010968,,MONTH,2025-11,2025,230.63,130.83,5,system,2026-03-03 12:00:00,,2026-03-03 12:00:00,0
129,0027010968,,MONTH,2025-12,2025,20.95,20.95,2,system,2026-03-03 12:00:00,,2026-03-03 12:00:00,0
130,0027010968,,WEEK,2025-02-16,2025,28.21,28.21,2,system,2026-03-03 12:00:00,,2026-03-03 12:00:00,0
131,0027010968,,WEEK,2025-06-08,2025,143.00,143.00,1,system,2026-03-03 12:00:00,,2026-03-03 12:00:00,0
132,0027010968,,WEEK,2025-08-03,2025,32.60,32.60,1,system,2026-03-03 12:00:00,,2026-03-03 12:00:00,0
133,0027010968,,WEEK,2025-09-07,2025,2.43,2.43,1,system,2026-03-03 12:00:00,,2026-03-03 12:00:00,0
134,0027010968,,WEEK,2025-09-21,2025,1.50,1.50,1,system,2026-03-03 12:00:00,,2026-03-03 12:00:00,0
135,0027010968,,WEEK,2025-10-05,2025,30.00,30.00,1,system,2026-03-03 12:00:00,,2026-03-03 12:00:00,0
136,0027010968,,WEEK,2025-11-02,2025,17.50,17.50,1,system,2026-03-03 12:00:00,,2026-03-03 12:00:00,0
137,0027010968,,WEEK,2025-11-09,2025,38.00,38.00,1,system,2026-03-03 12:00:00,,2026-03-03 12:00:00,0
138,0027010968,,WEEK,2025-11-30,2025,192.63,92.83,4,system,2026-03-03 12:00:00,,2026-03-03 12:00:00,0
139,0027010968,,WEEK,2025-12-07,2025,20.95,20.95,2,system,2026-03-03 12:00:00,,2026-03-03 12:00:00,0
140,0027011799,,MONTH,2025-02,2025,184.00,184.00,1,system,2026-03-03 12:00:00,,2026-03-03 12:00:00,0
141,0027011799,,MONTH,2025-03,2025,130.75,129.75,2,system,2026-03-03 12:00:00,,2026-03-03 12:00:00,0
142,0027011799,,MONTH,2025-04,2025,4.75,4.75,1,system,2026-03-03 12:00:00,,2026-03-03 12:00:00,0
143,0027011799,,MONTH,2025-05,2025,4.80,4.80,1,system,2026-03-03 12:00:00,,2026-03-03 12:00:00,0
144,0027011799,,MONTH,2025-06,2025,54.25,54.25,4,system,2026-03-03 12:00:00,,2026-03-03 12:00:00,0
145,0027011799,,MONTH,2025-07,2025,40.00,40.00,1,system,2026-03-03 12:00:00,,2026-03-03 12:00:00,0
146,0027011799,,MONTH,2025-08,2025,4.75,4.75,1,system,2026-03-03 12:00:00,,2026-03-03 12:00:00,0
147,0027011799,,MONTH,2025-10,2025,4.75,4.75,1,system,2026-03-03 12:00:00,,2026-03-03 12:00:00,0
148,0027011799,,MONTH,2025-11,2025,12.45,12.45,3,system,2026-03-03 12:00:00,,2026-03-03 12:00:00,0
149,0027011799,,WEEK,2025-03-02,2025,184.00,184.00,1,system,2026-03-03 12:00:00,,2026-03-03 12:00:00,0
150,0027011799,,WEEK,2025-03-16,2025,126.00,125.00,1,system,2026-03-03 12:00:00,,2026-03-03 12:00:00,0
151,0027011799,,WEEK,2025-03-30,2025,4.75,4.75,1,system,2026-03-03 12:00:00,,2026-03-03 12:00:00,0
152,0027011799,,WEEK,2025-04-20,2025,4.75,4.75,1,system,2026-03-03 12:00:00,,2026-03-03 12:00:00,0
153,0027011799,,WEEK,2025-05-11,2025,4.80,4.80,1,system,2026-03-03 12:00:00,,2026-03-03 12:00:00,0
154,0027011799,,WEEK,2025-06-15,2025,40.00,40.00,1,system,2026-03-03 12:00:00,,2026-03-03 12:00:00,0
155,0027011799,,WEEK,2025-06-29,2025,14.25,14.25,3,system,2026-03-03 12:00:00,,2026-03-03 12:00:00,0
156,0027011799,,WEEK,2025-08-03,2025,40.00,40.00,1,system,2026-03-03 12:00:00,,2026-03-03 12:00:00,0
157,0027011799,,WEEK,2025-08-31,2025,4.75,4.75,1,system,2026-03-03 12:00:00,,2026-03-03 12:00:00,0
158,0027011799,,WEEK,2025-11-02,2025,4.75,4.75,1,system,2026-03-03 12:00:00,,2026-03-03 12:00:00,0
159,0027011799,,WEEK,2025-11-09,2025,3.20,3.20,1,system,2026-03-03 12:00:00,,2026-03-03 12:00:00,0
160,0027011799,,WEEK,2025-11-16,2025,9.25,9.25,2,system,2026-03-03 12:00:00,,2026-03-03 12:00:00,0
161,0027011999,,MONTH,2025-07,2025,3.95,3.95,1,system,2026-03-03 12:00:00,,2026-03-03 12:00:00,0
162,0027011999,,MONTH,2025-09,2025,5.05,5.05,1,system,2026-03-03 12:00:00,,2026-03-03 12:00:00,0
163,0027011999,,MONTH,2025-12,2025,5.04,5.04,2,system,2026-03-03 12:00:00,,2026-03-03 12:00:00,0
164,0027011999,,WEEK,2025-08-03,2025,3.95,3.95,1,system,2026-03-03 12:00:00,,2026-03-03 12:00:00,0
165,0027011999,,WEEK,2025-09-07,2025,5.05,5.05,1,system,2026-03-03 12:00:00,,2026-03-03 12:00:00,0
166,0027011999,,WEEK,2025-12-07,2025,5.04,5.04,2,system,2026-03-03 12:00:00,,2026-03-03 12:00:00,0
167,0027012034,,MONTH,2025-01,2025,8.00,8.00,2,system,2026-03-03 12:00:00,,2026-03-03 12:00:00,0
168,0027012034,,MONTH,2025-02,2025,700.00,50.00,1,system,2026-03-03 12:00:00,,2026-03-03 12:00:00,0
169,0027012034,,MONTH,2025-05,2025,83.63,83.63,1,system,2026-03-03 12:00:00,,2026-03-03 12:00:00,0
170,0027012034,,MONTH,2025-06,2025,341.82,341.82,4,system,2026-03-03 12:00:00,,2026-03-03 12:00:00,0
171,0027012034,,MONTH,2025-07,2025,0.00,0.00,1,system,2026-03-03 12:00:00,,2026-03-03 12:00:00,0
172,0027012034,,MONTH,2025-09,2025,99.00,84.00,1,system,2026-03-03 12:00:00,,2026-03-03 12:00:00,0
173,0027012034,,MONTH,2025-10,2025,144.00,144.00,1,system,2026-03-03 12:00:00,,2026-03-03 12:00:00,0
174,0027012034,,MONTH,2025-11,2025,11.45,11.45,1,system,2026-03-03 12:00:00,,2026-03-03 12:00:00,0
175,0027012034,,MONTH,2025-12,2025,152.76,152.76,3,system,2026-03-03 12:00:00,,2026-03-03 12:00:00,0
176,0027012034,,WEEK,2025-01-26,2025,8.00,8.00,2,system,2026-03-03 12:00:00,,2026-03-03 12:00:00,0
177,0027012034,,WEEK,2025-02-09,2025,700.00,50.00,1,system,2026-03-03 12:00:00,,2026-03-03 12:00:00,0
178,0027012034,,WEEK,2025-06-01,2025,83.63,83.63,1,system,2026-03-03 12:00:00,,2026-03-03 12:00:00,0
179,0027012034,,WEEK,2025-06-29,2025,51.72,51.72,2,system,2026-03-03 12:00:00,,2026-03-03 12:00:00,0
180,0027012034,,WEEK,2025-07-06,2025,290.10,290.10,3,system,2026-03-03 12:00:00,,2026-03-03 12:00:00,0
181,0027012034,,WEEK,2025-10-05,2025,99.00,84.00,1,system,2026-03-03 12:00:00,,2026-03-03 12:00:00,0
182,0027012034,,WEEK,2025-11-02,2025,144.00,144.00,1,system,2026-03-03 12:00:00,,2026-03-03 12:00:00,0
183,0027012034,,WEEK,2025-11-16,2025,11.45,11.45,1,system,2026-03-03 12:00:00,,2026-03-03 12:00:00,0
184,0027012034,,WEEK,2025-12-07,2025,152.76,152.76,3,system,2026-03-03 12:00:00,,2026-03-03 12:00:00,0
185,0027012156,,MONTH,2025-04,2025,11.80,11.80,2,system,2026-03-03 12:00:00,,2026-03-03 12:00:00,0
186,0027012156,,MONTH,2025-05,2025,7.18,7.18,1,system,2026-03-03 12:00:00,,2026-03-03 12:00:00,0
187,0027012156,,MONTH,2025-06,2025,159.84,159.84,3,system,2026-03-03 12:00:00,,2026-03-03 12:00:00,0
188,0027012156,,MONTH,2025-07,2025,0.00,0.00,1,system,2026-03-03 12:00:00,,2026-03-03 12:00:00,0
189,0027012156,,MONTH,2025-09,2025,0.00,0.00,1,system,2026-03-03 12:00:00,,2026-03-03 12:00:00,0
190,0027012156,,MONTH,2025-11,2025,31.93,31.93,2,system,2026-03-03 12:00:00,,2026-03-03 12:00:00,0
191,0027012156,,MONTH,2025-12,2025,8.80,8.80,1,system,2026-03-03 12:00:00,,2026-03-03 12:00:00,0
192,0027012156,,WEEK,2025-04-20,2025,11.80,11.80,2,system,2026-03-03 12:00:00,,2026-03-03 12:00:00,0
193,0027012156,,WEEK,2025-05-11,2025,7.18,7.18,1,system,2026-03-03 12:00:00,,2026-03-03 12:00:00,0
194,0027012156,,WEEK,2025-06-15,2025,37.09,37.09,1,system,2026-03-03 12:00:00,,2026-03-03 12:00:00,0
195,0027012156,,WEEK,2025-06-22,2025,45.95,45.95,1,system,2026-03-03 12:00:00,,2026-03-03 12:00:00,0
196,0027012156,,WEEK,2025-06-29,2025,76.80,76.80,1,system,2026-03-03 12:00:00,,2026-03-03 12:00:00,0
197,0027012156,,WEEK,2025-07-20,2025,0.00,0.00,1,system,2026-03-03 12:00:00,,2026-03-03 12:00:00,0
198,0027012156,,WEEK,2025-10-05,2025,0.00,0.00,1,system,2026-03-03 12:00:00,,2026-03-03 12:00:00,0
199,0027012156,,WEEK,2025-11-16,2025,-5.27,-5.27,1,system,2026-03-03 12:00:00,,2026-03-03 12:00:00,0
200,0027012156,,WEEK,2025-11-30,2025,37.20,37.20,1,system,2026-03-03 12:00:00,,2026-03-03 12:00:00,0
201,0027012156,,WEEK,2025-12-07,2025,8.80,8.80,1,system,2026-03-03 12:00:00,,2026-03-03 12:00:00,0
202,0027012449,,MONTH,2025-04,2025,28.00,15.00,1,system,2026-03-03 12:00:00,,2026-03-03 12:00:00,0
203,0027012449,,MONTH,2025-06,2025,375.00,288.60,6,system,2026-03-03 12:00:00,,2026-03-03 12:00:00,0
204,0027012449,,MONTH,2025-09,2025,11.87,11.87,2,system,2026-03-03 12:00:00,,2026-03-03 12:00:00,0
205,0027012449,,MONTH,2025-10,2025,24.20,24.20,1,system,2026-03-03 12:00:00,,2026-03-03 12:00:00,0
206,0027012449,,MONTH,2025-11,2025,186.60,14.76,2,system,2026-03-03 12:00:00,,2026-03-03 12:00:00,0
207,0027012449,,MONTH,2025-12,2025,42.85,42.85,3,system,2026-03-03 12:00:00,,2026-03-03 12:00:00,0
208,0027012449,,WEEK,2025-04-20,2025,28.00,15.00,1,system,2026-03-03 12:00:00,,2026-03-03 12:00:00,0
209,0027012449,,WEEK,2025-06-08,2025,72.00,72.00,1,system,2026-03-03 12:00:00,,2026-03-03 12:00:00,0
210,0027012449,,WEEK,2025-07-06,2025,303.00,216.60,5,system,2026-03-03 12:00:00,,2026-03-03 12:00:00,0
211,0027012449,,WEEK,2025-09-21,2025,11.87,11.87,2,system,2026-03-03 12:00:00,,2026-03-03 12:00:00,0
212,0027012449,,WEEK,2025-11-02,2025,24.20,24.20,1,system,2026-03-03 12:00:00,,2026-03-03 12:00:00,0
213,0027012449,,WEEK,2025-11-23,2025,186.60,14.76,2,system,2026-03-03 12:00:00,,2026-03-03 12:00:00,0
214,0027012449,,WEEK,2025-12-07,2025,42.85,42.85,3,system,2026-03-03 12:00:00,,2026-03-03 12:00:00,0
215,0027012645,,MONTH,2025-01,2025,0.00,0.00,1,system,2026-03-03 12:00:00,,2026-03-03 12:00:00,0
216,0027012645,,MONTH,2025-02,2025,9.92,9.92,1,system,2026-03-03 12:00:00,,2026-03-03 12:00:00,0
217,0027012645,,MONTH,2025-03,2025,78.69,78.69,5,system,2026-03-03 12:00:00,,2026-03-03 12:00:00,0
218,0027012645,,MONTH,2025-06,2025,12.16,12.16,2,system,2026-03-03 12:00:00,,2026-03-03 12:00:00,0
219,0027012645,,MONTH,2025-07,2025,25.28,25.28,4,system,2026-03-03 12:00:00,,2026-03-03 12:00:00,0
220,0027012645,,MONTH,2025-09,2025,17.27,17.27,2,system,2026-03-03 12:00:00,,2026-03-03 12:00:00,0
221,0027012645,,MONTH,2025-10,2025,23.67,23.67,5,system,2026-03-03 12:00:00,,2026-03-03 12:00:00,0
222,0027012645,,MONTH,2025-12,2025,16.69,16.69,8,system,2026-03-03 12:00:00,,2026-03-03 12:00:00,0
223,0027012645,,WEEK,2025-01-26,2025,0.00,0.00,1,system,2026-03-03 12:00:00,,2026-03-03 12:00:00,0
224,0027012645,,WEEK,2025-02-16,2025,9.92,9.92,1,system,2026-03-03 12:00:00,,2026-03-03 12:00:00,0
225,0027012645,,WEEK,2025-03-16,2025,55.00,55.00,1,system,2026-03-03 12:00:00,,2026-03-03 12:00:00,0
226,0027012645,,WEEK,2025-04-06,2025,23.69,23.69,4,system,2026-03-03 12:00:00,,2026-03-03 12:00:00,0
227,0027012645,,WEEK,2025-06-29,2025,12.16,12.16,2,system,2026-03-03 12:00:00,,2026-03-03 12:00:00,0
228,0027012645,,WEEK,2025-08-03,2025,25.28,25.28,4,system,2026-03-03 12:00:00,,2026-03-03 12:00:00,0
229,0027012645,,WEEK,2025-09-07,2025,17.27,17.27,2,system,2026-03-03 12:00:00,,2026-03-03 12:00:00,0
230,0027012645,,WEEK,2025-10-05,2025,23.67,23.67,5,system,2026-03-03 12:00:00,,2026-03-03 12:00:00,0
231,0027012645,,WEEK,2025-12-07,2025,16.69,16.69,8,system,2026-03-03 12:00:00,,2026-03-03 12:00:00,0
232,0027014711,,MONTH,2025-01,2025,-33.34,-33.34,3,system,2026-03-03 12:00:00,,2026-03-03 12:00:00,0
233,0027014711,,MONTH,2025-02,2025,115.17,35.37,1,system,2026-03-03 12:00:00,,2026-03-03 12:00:00,0
234,0027014711,,MONTH,2025-03,2025,618.60,268.60,3,system,2026-03-03 12:00:00,,2026-03-03 12:00:00,0
235,0027014711,,MONTH,2025-05,2025,107.83,30.98,2,system,2026-03-03 12:00:00,,2026-03-03 12:00:00,0
236,0027014711,,MONTH,2025-06,2025,523.81,109.59,4,system,2026-03-03 12:00:00,,2026-03-03 12:00:00,0
237,0027014711,,MONTH,2025-07,2025,5.40,0.27,2,system,2026-03-03 12:00:00,,2026-03-03 12:00:00,0
238,0027014711,,MONTH,2025-08,2025,89.65,71.15,2,system,2026-03-03 12:00:00,,2026-03-03 12:00:00,0
239,0027014711,,MONTH,2025-09,2025,254.00,97.25,2,system,2026-03-03 12:00:00,,2026-03-03 12:00:00,0
240,0027014711,,MONTH,2025-10,2025,11.50,11.50,1,system,2026-03-03 12:00:00,,2026-03-03 12:00:00,0
241,0027014711,,MONTH,2025-11,2025,86.83,24.83,2,system,2026-03-03 12:00:00,,2026-03-03 12:00:00,0
242,0027014711,,WEEK,2025-01-26,2025,-33.34,-33.34,3,system,2026-03-03 12:00:00,,2026-03-03 12:00:00,0
243,0027014711,,WEEK,2025-02-16,2025,115.17,35.37,1,system,2026-03-03 12:00:00,,2026-03-03 12:00:00,0
244,0027014711,,WEEK,2025-03-16,2025,432.13,112.13,1,system,2026-03-03 12:00:00,,2026-03-03 12:00:00,0
245,0027014711,,WEEK,2025-03-30,2025,186.47,156.47,2,system,2026-03-03 12:00:00,,2026-03-03 12:00:00,0
246,0027014711,,WEEK,2025-05-25,2025,14.25,14.25,1,system,2026-03-03 12:00:00,,2026-03-03 12:00:00,0
247,0027014711,,WEEK,2025-06-01,2025,93.58,16.73,1,system,2026-03-03 12:00:00,,2026-03-03 12:00:00,0
248,0027014711,,WEEK,2025-06-15,2025,15.00,0.75,1,system,2026-03-03 12:00:00,,2026-03-03 12:00:00,0
249,0027014711,,WEEK,2025-06-29,2025,8.84,8.84,2,system,2026-03-03 12:00:00,,2026-03-03 12:00:00,0
250,0027014711,,WEEK,2025-07-06,2025,499.97,100.00,1,system,2026-03-03 12:00:00,,2026-03-03 12:00:00,0
251,0027014711,,WEEK,2025-07-13,2025,5.40,0.27,1,system,2026-03-03 12:00:00,,2026-03-03 12:00:00,0
252,0027014711,,WEEK,2025-07-20,2025,0.00,0.00,1,system,2026-03-03 12:00:00,,2026-03-03 12:00:00,0
253,0027014711,,WEEK,2025-08-10,2025,89.65,71.15,2,system,2026-03-03 12:00:00,,2026-03-03 12:00:00,0
254,0027014711,,WEEK,2025-09-21,2025,89.00,89.00,1,system,2026-03-03 12:00:00,,2026-03-03 12:00:00,0
255,0027014711,,WEEK,2025-10-05,2025,165.00,8.25,1,system,2026-03-03 12:00:00,,2026-03-03 12:00:00,0
256,0027014711,,WEEK,2025-11-02,2025,11.50,11.50,1,system,2026-03-03 12:00:00,,2026-03-03 12:00:00,0
257,0027014711,,WEEK,2025-11-16,2025,71.83,9.83,1,system,2026-03-03 12:00:00,,2026-03-03 12:00:00,0
258,0027014711,,WEEK,2025-11-23,2025,15.00,15.00,1,system,2026-03-03 12:00:00,,2026-03-03 12:00:00,0
259,0027015006,,MONTH,2025-02,2025,41.50,5.39,1,system,2026-03-03 12:00:00,,2026-03-03 12:00:00,0
260,0027015006,,MONTH,2025-03,2025,83.00,51.00,1,system,2026-03-03 12:00:00,,2026-03-03 12:00:00,0
261,0027015006,,MONTH,2025-06,2025,525.00,92.17,2,system,2026-03-03 12:00:00,,2026-03-03 12:00:00,0
262,0027015006,,MONTH,2025-07,2025,70.00,22.30,2,system,2026-03-03 12:00:00,,2026-03-03 12:00:00,0
263,0027015006,,MONTH,2025-08,2025,6.78,6.78,1,system,2026-03-03 12:00:00,,2026-03-03 12:00:00,0
264,0027015006,,MONTH,2025-09,2025,200.00,196.50,1,system,2026-03-03 12:00:00,,2026-03-03 12:00:00,0
265,0027015006,,MONTH,2025-10,2025,669.76,599.76,1,system,2026-03-03 12:00:00,,2026-03-03 12:00:00,0
266,0027015006,,WEEK,2025-02-23,2025,41.50,5.39,1,system,2026-03-03 12:00:00,,2026-03-03 12:00:00,0
267,0027015006,,WEEK,2025-03-16,2025,83.00,51.00,1,system,2026-03-03 12:00:00,,2026-03-03 12:00:00,0
268,0027015006,,WEEK,2025-06-29,2025,36.00,27.50,1,system,2026-03-03 12:00:00,,2026-03-03 12:00:00,0
269,0027015006,,WEEK,2025-07-06,2025,489.00,64.67,1,system,2026-03-03 12:00:00,,2026-03-03 12:00:00,0
270,0027015006,,WEEK,2025-07-20,2025,0.00,0.00,1,system,2026-03-03 12:00:00,,2026-03-03 12:00:00,0
271,0027015006,,WEEK,2025-08-03,2025,70.00,22.30,1,system,2026-03-03 12:00:00,,2026-03-03 12:00:00,0
272,0027015006,,WEEK,2025-08-31,2025,6.78,6.78,1,system,2026-03-03 12:00:00,,2026-03-03 12:00:00,0
273,0027015006,,WEEK,2025-10-05,2025,200.00,196.50,1,system,2026-03-03 12:00:00,,2026-03-03 12:00:00,0
274,0027015006,,WEEK,2025-11-02,2025,669.76,599.76,1,system,2026-03-03 12:00:00,,2026-03-03 12:00:00,0
275,0027018313,,MONTH,2025-05,2025,19.07,19.07,1,system,2026-03-03 12:00:00,,2026-03-03 12:00:00,0
276,0027018313,,MONTH,2025-06,2025,134.55,134.55,1,system,2026-03-03 12:00:00,,2026-03-03 12:00:00,0
277,0027018313,,MONTH,2025-09,2025,453.06,423.36,5,system,2026-03-03 12:00:00,,2026-03-03 12:00:00,0
278,0027018313,,MONTH,2025-11,2025,3.85,3.85,1,system,2026-03-03 12:00:00,,2026-03-03 12:00:00,0
279,0027018313,,MONTH,2025-12,2025,30.00,30.00,1,system,2026-03-03 12:00:00,,2026-03-03 12:00:00,0
280,0027018313,,WEEK,2025-06-01,2025,19.07,19.07,1,system,2026-03-03 12:00:00,,2026-03-03 12:00:00,0
281,0027018313,,WEEK,2025-06-22,2025,134.55,134.55,1,system,2026-03-03 12:00:00,,2026-03-03 12:00:00,0
282,0027018313,,WEEK,2025-09-14,2025,0.00,0.00,1,system,2026-03-03 12:00:00,,2026-03-03 12:00:00,0
283,0027018313,,WEEK,2025-10-05,2025,453.06,423.36,4,system,2026-03-03 12:00:00,,2026-03-03 12:00:00,0
284,0027018313,,WEEK,2025-11-09,2025,3.85,3.85,1,system,2026-03-03 12:00:00,,2026-03-03 12:00:00,0
285,0027018313,,WEEK,2025-12-07,2025,30.00,30.00,1,system,2026-03-03 12:00:00,,2026-03-03 12:00:00,0
286,0027019336,,MONTH,2025-04,2025,0.00,0.00,2,system,2026-03-03 12:00:00,,2026-03-03 12:00:00,0
287,0027019336,,MONTH,2025-05,2025,8.00,8.00,1,system,2026-03-03 12:00:00,,2026-03-03 12:00:00,0
288,0027019336,,MONTH,2025-06,2025,46.64,46.64,1,system,2026-03-03 12:00:00,,2026-03-03 12:00:00,0
289,0027019336,,MONTH,2025-08,2025,0.00,0.00,2,system,2026-03-03 12:00:00,,2026-03-03 12:00:00,0
290,0027019336,,MONTH,2025-09,2025,6.54,6.54,1,system,2026-03-03 12:00:00,,2026-03-03 12:00:00,0
291,0027019336,,WEEK,2025-04-27,2025,0.00,0.00,2,system,2026-03-03 12:00:00,,2026-03-03 12:00:00,0
292,0027019336,,WEEK,2025-06-01,2025,8.00,8.00,1,system,2026-03-03 12:00:00,,2026-03-03 12:00:00,0
293,0027019336,,WEEK,2025-06-29,2025,46.64,46.64,1,system,2026-03-03 12:00:00,,2026-03-03 12:00:00,0
294,0027019336,,WEEK,2025-08-31,2025,0.00,0.00,2,system,2026-03-03 12:00:00,,2026-03-03 12:00:00,0
295,0027019336,,WEEK,2025-09-28,2025,6.54,6.54,1,system,2026-03-03 12:00:00,,2026-03-03 12:00:00,0
296,0027019657,,MONTH,2025-01,2025,181.25,139.75,1,system,2026-03-03 12:00:00,,2026-03-03 12:00:00,0
297,0027019657,,MONTH,2025-05,2025,848.00,848.00,3,system,2026-03-03 12:00:00,,2026-03-03 12:00:00,0
298,0027019657,,MONTH,2025-06,2025,870.30,847.55,4,system,2026-03-03 12:00:00,,2026-03-03 12:00:00,0
299,0027019657,,MONTH,2025-09,2025,73.00,73.00,1,system,2026-03-03 12:00:00,,2026-03-03 12:00:00,0
300,0027019657,,MONTH,2025-11,2025,113.50,102.30,2,system,2026-03-03 12:00:00,,2026-03-03 12:00:00,0
301,0027019657,,WEEK,2025-01-26,2025,181.25,139.75,1,system,2026-03-03 12:00:00,,2026-03-03 12:00:00,0
302,0027019657,,WEEK,2025-05-11,2025,618.00,618.00,2,system,2026-03-03 12:00:00,,2026-03-03 12:00:00,0
303,0027019657,,WEEK,2025-05-25,2025,230.00,230.00,1,system,2026-03-03 12:00:00,,2026-03-03 12:00:00,0
304,0027019657,,WEEK,2025-06-15,2025,737.50,726.25,2,system,2026-03-03 12:00:00,,2026-03-03 12:00:00,0
305,0027019657,,WEEK,2025-06-29,2025,4.80,4.80,1,system,2026-03-03 12:00:00,,2026-03-03 12:00:00,0
306,0027019657,,WEEK,2025-07-06,2025,128.00,116.50,1,system,2026-03-03 12:00:00,,2026-03-03 12:00:00,0
307,0027019657,,WEEK,2025-09-07,2025,73.00,73.00,1,system,2026-03-03 12:00:00,,2026-03-03 12:00:00,0
308,0027019657,,WEEK,2025-11-16,2025,52.00,52.00,1,system,2026-03-03 12:00:00,,2026-03-03 12:00:00,0
309,0027019657,,WEEK,2025-11-30,2025,61.50,50.30,1,system,2026-03-03 12:00:00,,2026-03-03 12:00:00,0
310,0027019862,,MONTH,2025-06,2025,-27.15,-27.15,4,system,2026-03-03 12:00:00,,2026-03-03 12:00:00,0
311,0027019862,,MONTH,2025-11,2025,5.00,5.00,1,system,2026-03-03 12:00:00,,2026-03-03 12:00:00,0
312,0027019862,,WEEK,2025-06-22,2025,-0.52,-0.52,1,system,2026-03-03 12:00:00,,2026-03-03 12:00:00,0
313,0027019862,,WEEK,2025-07-06,2025,-26.63,-26.63,3,system,2026-03-03 12:00:00,,2026-03-03 12:00:00,0
314,0027019862,,WEEK,2025-11-30,2025,5.00,5.00,1,system,2026-03-03 12:00:00,,2026-03-03 12:00:00,0
315,0027020503,,MONTH,2025-01,2025,-0.07,-0.07,1,system,2026-03-03 12:00:00,,2026-03-03 12:00:00,0
316,0027020503,,MONTH,2025-03,2025,5.33,5.33,1,system,2026-03-03 12:00:00,,2026-03-03 12:00:00,0
317,0027020503,,MONTH,2025-04,2025,35.56,35.56,1,system,2026-03-03 12:00:00,,2026-03-03 12:00:00,0
318,0027020503,,MONTH,2025-05,2025,79.60,79.60,2,system,2026-03-03 12:00:00,,2026-03-03 12:00:00,0
319,0027020503,,MONTH,2025-06,2025,4.80,4.80,1,system,2026-03-03 12:00:00,,2026-03-03 12:00:00,0
320,0027020503,,MONTH,2025-07,2025,60.36,60.36,2,system,2026-03-03 12:00:00,,2026-03-03 12:00:00,0
321,0027020503,,MONTH,2025-08,2025,43.50,43.50,1,system,2026-03-03 12:00:00,,2026-03-03 12:00:00,0
322,0027020503,,MONTH,2025-09,2025,893.25,893.25,9,system,2026-03-03 12:00:00,,2026-03-03 12:00:00,0
323,0027020503,,MONTH,2025-10,2025,251.75,251.75,3,system,2026-03-03 12:00:00,,2026-03-03 12:00:00,0
324,0027020503,,MONTH,2025-11,2025,277.69,277.69,6,system,2026-03-03 12:00:00,,2026-03-03 12:00:00,0
325,0027020503,,WEEK,2025-01-26,2025,-0.07,-0.07,1,system,2026-03-03 12:00:00,,2026-03-03 12:00:00,0
326,0027020503,,WEEK,2025-03-30,2025,5.33,5.33,1,system,2026-03-03 12:00:00,,2026-03-03 12:00:00,0
327,0027020503,,WEEK,2025-04-20,2025,35.56,35.56,1,system,2026-03-03 12:00:00,,2026-03-03 12:00:00,0
328,0027020503,,WEEK,2025-05-11,2025,3.60,3.60,1,system,2026-03-03 12:00:00,,2026-03-03 12:00:00,0
329,0027020503,,WEEK,2025-05-18,2025,76.00,76.00,1,system,2026-03-03 12:00:00,,2026-03-03 12:00:00,0
330,0027020503,,WEEK,2025-06-29,2025,4.80,4.80,1,system,2026-03-03 12:00:00,,2026-03-03 12:00:00,0
331,0027020503,,WEEK,2025-07-13,2025,60.36,60.36,1,system,2026-03-03 12:00:00,,2026-03-03 12:00:00,0
332,0027020503,,WEEK,2025-08-03,2025,0.00,0.00,1,system,2026-03-03 12:00:00,,2026-03-03 12:00:00,0
333,0027020503,,WEEK,2025-08-31,2025,43.50,43.50,1,system,2026-03-03 12:00:00,,2026-03-03 12:00:00,0
334,0027020503,,WEEK,2025-09-07,2025,313.96,313.96,3,system,2026-03-03 12:00:00,,2026-03-03 12:00:00,0
335,0027020503,,WEEK,2025-09-14,2025,7.18,7.18,1,system,2026-03-03 12:00:00,,2026-03-03 12:00:00,0
336,0027020503,,WEEK,2025-09-28,2025,463.00,463.00,1,system,2026-03-03 12:00:00,,2026-03-03 12:00:00,0
337,0027020503,,WEEK,2025-10-05,2025,109.12,109.12,4,system,2026-03-03 12:00:00,,2026-03-03 12:00:00,0
338,0027020503,,WEEK,2025-11-02,2025,251.75,251.75,3,system,2026-03-03 12:00:00,,2026-03-03 12:00:00,0
339,0027020503,,WEEK,2025-11-16,2025,15.16,15.16,1,system,2026-03-03 12:00:00,,2026-03-03 12:00:00,0
340,0027020503,,WEEK,2025-11-23,2025,13.05,13.05,2,system,2026-03-03 12:00:00,,2026-03-03 12:00:00,0
341,0027020503,,WEEK,2025-11-30,2025,249.48,249.48,3,system,2026-03-03 12:00:00,,2026-03-03 12:00:00,0
342,0027020773,,MONTH,2025-02,2025,13.00,1.30,1,system,2026-03-03 12:00:00,,2026-03-03 12:00:00,0
343,0027020773,,MONTH,2025-04,2025,82.71,82.71,2,system,2026-03-03 12:00:00,,2026-03-03 12:00:00,0
344,0027020773,,MONTH,2025-05,2025,80.00,80.00,2,system,2026-03-03 12:00:00,,2026-03-03 12:00:00,0
345,0027020773,,MONTH,2025-06,2025,273.61,228.11,5,system,2026-03-03 12:00:00,,2026-03-03 12:00:00,0
346,0027020773,,MONTH,2025-07,2025,-1.42,-1.42,1,system,2026-03-03 12:00:00,,2026-03-03 12:00:00,0
347,0027020773,,MONTH,2025-08,2025,36.71,36.71,1,system,2026-03-03 12:00:00,,2026-03-03 12:00:00,0
348,0027020773,,MONTH,2025-09,2025,89.61,40.50,1,system,2026-03-03 12:00:00,,2026-03-03 12:00:00,0
349,0027020773,,MONTH,2025-10,2025,1.91,1.91,1,system,2026-03-03 12:00:00,,2026-03-03 12:00:00,0
350,0027020773,,MONTH,2025-11,2025,287.95,287.95,2,system,2026-03-03 12:00:00,,2026-03-03 12:00:00,0
351,0027020773,,MONTH,2025-12,2025,38.00,38.00,1,system,2026-03-03 12:00:00,,2026-03-03 12:00:00,0
352,0027020773,,WEEK,2025-03-02,2025,13.00,1.30,1,system,2026-03-03 12:00:00,,2026-03-03 12:00:00,0
353,0027020773,,WEEK,2025-04-13,2025,46.00,46.00,1,system,2026-03-03 12:00:00,,2026-03-03 12:00:00,0
354,0027020773,,WEEK,2025-04-20,2025,36.71,36.71,1,system,2026-03-03 12:00:00,,2026-03-03 12:00:00,0
355,0027020773,,WEEK,2025-05-11,2025,40.00,40.00,1,system,2026-03-03 12:00:00,,2026-03-03 12:00:00,0
356,0027020773,,WEEK,2025-06-01,2025,40.00,40.00,1,system,2026-03-03 12:00:00,,2026-03-03 12:00:00,0
357,0027020773,,WEEK,2025-06-08,2025,36.71,36.71,1,system,2026-03-03 12:00:00,,2026-03-03 12:00:00,0
358,0027020773,,WEEK,2025-06-29,2025,147.70,102.20,2,system,2026-03-03 12:00:00,,2026-03-03 12:00:00,0
359,0027020773,,WEEK,2025-07-06,2025,89.20,89.20,2,system,2026-03-03 12:00:00,,2026-03-03 12:00:00,0
360,0027020773,,WEEK,2025-08-03,2025,-1.42,-1.42,1,system,2026-03-03 12:00:00,,2026-03-03 12:00:00,0
361,0027020773,,WEEK,2025-08-24,2025,36.71,36.71,1,system,2026-03-03 12:00:00,,2026-03-03 12:00:00,0
362,0027020773,,WEEK,2025-09-28,2025,89.61,40.50,1,system,2026-03-03 12:00:00,,2026-03-03 12:00:00,0
363,0027020773,,WEEK,2025-11-02,2025,1.91,1.91,1,system,2026-03-03 12:00:00,,2026-03-03 12:00:00,0
364,0027020773,,WEEK,2025-11-09,2025,280.00,280.00,1,system,2026-03-03 12:00:00,,2026-03-03 12:00:00,0
365,0027020773,,WEEK,2025-11-16,2025,7.95,7.95,1,system,2026-03-03 12:00:00,,2026-03-03 12:00:00,0
366,0027020773,,WEEK,2025-12-07,2025,38.00,38.00,1,system,2026-03-03 12:00:00,,2026-03-03 12:00:00,0
367,0027024021,,MONTH,2025-05,2025,5.00,5.00,1,system,2026-03-03 12:00:00,,2026-03-03 12:00:00,0
368,0027024021,,MONTH,2025-06,2025,24.42,24.42,1,system,2026-03-03 12:00:00,,2026-03-03 12:00:00,0
369,0027024021,,MONTH,2025-11,2025,35.98,35.98,1,system,2026-03-03 12:00:00,,2026-03-03 12:00:00,0
370,0027024021,,WEEK,2025-06-01,2025,5.00,5.00,1,system,2026-03-03 12:00:00,,2026-03-03 12:00:00,0
371,0027024021,,WEEK,2025-06-29,2025,24.42,24.42,1,system,2026-03-03 12:00:00,,2026-03-03 12:00:00,0
372,0027024021,,WEEK,2025-11-23,2025,35.98,35.98,1,system,2026-03-03 12:00:00,,2026-03-03 12:00:00,0
373,0027025518,,MONTH,2025-05,2025,82.50,58.20,1,system,2026-03-03 12:00:00,,2026-03-03 12:00:00,0
374,0027025518,,MONTH,2025-07,2025,40.00,21.60,1,system,2026-03-03 12:00:00,,2026-03-03 12:00:00,0
375,0027025518,,MONTH,2025-08,2025,-10.20,-10.20,1,system,2026-03-03 12:00:00,,2026-03-03 12:00:00,0
376,0027025518,,WEEK,2025-05-11,2025,82.50,58.20,1,system,2026-03-03 12:00:00,,2026-03-03 12:00:00,0
377,0027025518,,WEEK,2025-08-03,2025,40.00,21.60,1,system,2026-03-03 12:00:00,,2026-03-03 12:00:00,0
378,0027025518,,WEEK,2025-08-31,2025,-10.20,-10.20,1,system,2026-03-03 12:00:00,,2026-03-03 12:00:00,0
379,0027026209,,MONTH,2025-01,2025,92.00,60.00,1,system,2026-03-03 12:00:00,,2026-03-03 12:00:00,0
380,0027026209,,MONTH,2025-03,2025,95.30,95.30,3,system,2026-03-03 12:00:00,,2026-03-03 12:00:00,0
381,0027026209,,MONTH,2025-05,2025,26.49,26.49,1,system,2026-03-03 12:00:00,,2026-03-03 12:00:00,0
382,0027026209,,MONTH,2025-06,2025,26.80,9.00,1,system,2026-03-03 12:00:00,,2026-03-03 12:00:00,0
383,0027026209,,MONTH,2025-08,2025,8.60,8.60,1,system,2026-03-03 12:00:00,,2026-03-03 12:00:00,0
384,0027026209,,MONTH,2025-10,2025,31.00,31.00,1,system,2026-03-03 12:00:00,,2026-03-03 12:00:00,0
385,0027026209,,MONTH,2025-11,2025,99.96,90.96,4,system,2026-03-03 12:00:00,,2026-03-03 12:00:00,0
386,0027026209,,MONTH,2025-12,2025,15.70,15.70,1,system,2026-03-03 12:00:00,,2026-03-03 12:00:00,0
387,0027026209,,WEEK,2025-01-26,2025,92.00,60.00,1,system,2026-03-03 12:00:00,,2026-03-03 12:00:00,0
388,0027026209,,WEEK,2025-03-30,2025,95.30,95.30,3,system,2026-03-03 12:00:00,,2026-03-03 12:00:00,0
389,0027026209,,WEEK,2025-06-01,2025,26.49,26.49,1,system,2026-03-03 12:00:00,,2026-03-03 12:00:00,0
390,0027026209,,WEEK,2025-06-08,2025,26.80,9.00,1,system,2026-03-03 12:00:00,,2026-03-03 12:00:00,0
391,0027026209,,WEEK,2025-08-31,2025,8.60,8.60,1,system,2026-03-03 12:00:00,,2026-03-03 12:00:00,0
392,0027026209,,WEEK,2025-11-02,2025,31.00,31.00,1,system,2026-03-03 12:00:00,,2026-03-03 12:00:00,0
393,0027026209,,WEEK,2025-11-23,2025,80.50,71.50,1,system,2026-03-03 12:00:00,,2026-03-03 12:00:00,0
394,0027026209,,WEEK,2025-11-30,2025,19.46,19.46,3,system,2026-03-03 12:00:00,,2026-03-03 12:00:00,0
395,0027026209,,WEEK,2025-12-07,2025,15.70,15.70,1,system,2026-03-03 12:00:00,,2026-03-03 12:00:00,0
396,0027026216,,MONTH,2025-03,2025,108.50,108.50,2,system,2026-03-03 12:00:00,,2026-03-03 12:00:00,0
397,0027026216,,MONTH,2025-04,2025,-5.00,-5.00,1,system,2026-03-03 12:00:00,,2026-03-03 12:00:00,0
398,0027026216,,MONTH,2025-05,2025,38.00,38.00,1,system,2026-03-03 12:00:00,,2026-03-03 12:00:00,0
399,0027026216,,MONTH,2025-06,2025,180.00,50.00,2,system,2026-03-03 12:00:00,,2026-03-03 12:00:00,0
400,0027026216,,MONTH,2025-08,2025,0.00,0.00,1,system,2026-03-03 12:00:00,,2026-03-03 12:00:00,0
401,0027026216,,MONTH,2025-11,2025,25.50,25.50,1,system,2026-03-03 12:00:00,,2026-03-03 12:00:00,0
402,0027026216,,WEEK,2025-03-30,2025,98.00,98.00,1,system,2026-03-03 12:00:00,,2026-03-03 12:00:00,0
403,0027026216,,WEEK,2025-04-06,2025,10.50,10.50,1,system,2026-03-03 12:00:00,,2026-03-03 12:00:00,0
404,0027026216,,WEEK,2025-04-20,2025,-5.00,-5.00,1,system,2026-03-03 12:00:00,,2026-03-03 12:00:00,0
405,0027026216,,WEEK,2025-05-11,2025,38.00,38.00,1,system,2026-03-03 12:00:00,,2026-03-03 12:00:00,0
406,0027026216,,WEEK,2025-06-15,2025,150.00,20.00,1,system,2026-03-03 12:00:00,,2026-03-03 12:00:00,0
407,0027026216,,WEEK,2025-07-06,2025,30.00,30.00,1,system,2026-03-03 12:00:00,,2026-03-03 12:00:00,0
408,0027026216,,WEEK,2025-08-31,2025,0.00,0.00,1,system,2026-03-03 12:00:00,,2026-03-03 12:00:00,0
409,0027026216,,WEEK,2025-11-30,2025,25.50,25.50,1,system,2026-03-03 12:00:00,,2026-03-03 12:00:00,0
410,0027027169,,MONTH,2025-05,2025,171.00,10.26,1,system,2026-03-03 12:00:00,,2026-03-03 12:00:00,0
411,0027027169,,MONTH,2025-07,2025,10.20,10.20,1,system,2026-03-03 12:00:00,,2026-03-03 12:00:00,0
412,0027027169,,MONTH,2025-10,2025,100.32,3.01,3,system,2026-03-03 12:00:00,,2026-03-03 12:00:00,0
413,0027027169,,MONTH,2025-11,2025,92.84,39.45,7,system,2026-03-03 12:00:00,,2026-03-03 12:00:00,0
414,0027027169,,WEEK,2025-06-01,2025,171.00,10.26,1,system,2026-03-03 12:00:00,,2026-03-03 12:00:00,0
415,0027027169,,WEEK,2025-08-03,2025,10.20,10.20,1,system,2026-03-03 12:00:00,,2026-03-03 12:00:00,0
416,0027027169,,WEEK,2025-11-02,2025,100.32,3.01,3,system,2026-03-03 12:00:00,,2026-03-03 12:00:00,0
417,0027027169,,WEEK,2025-11-09,2025,9.31,0.28,1,system,2026-03-03 12:00:00,,2026-03-03 12:00:00,0
418,0027027169,,WEEK,2025-11-16,2025,68.40,26.01,3,system,2026-03-03 12:00:00,,2026-03-03 12:00:00,0
419,0027027169,,WEEK,2025-11-30,2025,15.13,13.16,3,system,2026-03-03 12:00:00,,2026-03-03 12:00:00,0
420,0027027424,,MONTH,2025-03,2025,236.00,236.00,3,system,2026-03-03 12:00:00,,2026-03-03 12:00:00,0
421,0027027424,,MONTH,2025-06,2025,2.00,2.00,1,system,2026-03-03 12:00:00,,2026-03-03 12:00:00,0
422,0027027424,,MONTH,2025-07,2025,102.50,102.50,2,system,2026-03-03 12:00:00,,2026-03-03 12:00:00,0
423,0027027424,,MONTH,2025-09,2025,220.00,220.00,3,system,2026-03-03 12:00:00,,2026-03-03 12:00:00,0
424,0027027424,,MONTH,2025-11,2025,31.80,31.80,1,system,2026-03-03 12:00:00,,2026-03-03 12:00:00,0
425,0027027424,,MONTH,2025-12,2025,4.80,4.80,1,system,2026-03-03 12:00:00,,2026-03-03 12:00:00,0
426,0027027424,,WEEK,2025-03-23,2025,188.00,188.00,2,system,2026-03-03 12:00:00,,2026-03-03 12:00:00,0
427,0027027424,,WEEK,2025-03-30,2025,48.00,48.00,1,system,2026-03-03 12:00:00,,2026-03-03 12:00:00,0
428,0027027424,,WEEK,2025-06-29,2025,2.00,2.00,1,system,2026-03-03 12:00:00,,2026-03-03 12:00:00,0
429,0027027424,,WEEK,2025-07-06,2025,12.50,12.50,1,system,2026-03-03 12:00:00,,2026-03-03 12:00:00,0
430,0027027424,,WEEK,2025-08-03,2025,90.00,90.00,1,system,2026-03-03 12:00:00,,2026-03-03 12:00:00,0
431,0027027424,,WEEK,2025-09-21,2025,26.00,26.00,1,system,2026-03-03 12:00:00,,2026-03-03 12:00:00,0
432,0027027424,,WEEK,2025-09-28,2025,172.00,172.00,1,system,2026-03-03 12:00:00,,2026-03-03 12:00:00,0
433,0027027424,,WEEK,2025-10-05,2025,22.00,22.00,1,system,2026-03-03 12:00:00,,2026-03-03 12:00:00,0
434,0027027424,,WEEK,2025-11-30,2025,31.80,31.80,1,system,2026-03-03 12:00:00,,2026-03-03 12:00:00,0
435,0027027424,,WEEK,2025-12-07,2025,4.80,4.80,1,system,2026-03-03 12:00:00,,2026-03-03 12:00:00,0
436,0027028500,,MONTH,2025-05,2025,6.60,6.60,1,system,2026-03-03 12:00:00,,2026-03-03 12:00:00,0
437,0027028500,,MONTH,2025-06,2025,4.00,4.00,1,system,2026-03-03 12:00:00,,2026-03-03 12:00:00,0
438,0027028500,,MONTH,2025-08,2025,8.00,8.00,1,system,2026-03-03 12:00:00,,2026-03-03 12:00:00,0
439,0027028500,,WEEK,2025-05-18,2025,6.60,6.60,1,system,2026-03-03 12:00:00,,2026-03-03 12:00:00,0
440,0027028500,,WEEK,2025-06-22,2025,4.00,4.00,1,system,2026-03-03 12:00:00,,2026-03-03 12:00:00,0
441,0027028500,,WEEK,2025-08-31,2025,8.00,8.00,1,system,2026-03-03 12:00:00,,2026-03-03 12:00:00,0
442,0027028849,,MONTH,2025-02,2025,66.80,3.01,1,system,2026-03-03 12:00:00,,2026-03-03 12:00:00,0
443,0027028849,,MONTH,2025-05,2025,96.00,30.80,3,system,2026-03-03 12:00:00,,2026-03-03 12:00:00,0
444,0027028849,,MONTH,2025-06,2025,146.00,44.55,2,system,2026-03-03 12:00:00,,2026-03-03 12:00:00,0
445,0027028849,,MONTH,2025-07,2025,30.00,30.00,1,system,2026-03-03 12:00:00,,2026-03-03 12:00:00,0
446,0027028849,,MONTH,2025-10,2025,5.00,5.00,1,system,2026-03-03 12:00:00,,2026-03-03 12:00:00,0
447,0027028849,,MONTH,2025-12,2025,38.60,38.60,1,system,2026-03-03 12:00:00,,2026-03-03 12:00:00,0
448,0027028849,,WEEK,2025-02-16,2025,66.80,3.01,1,system,2026-03-03 12:00:00,,2026-03-03 12:00:00,0
449,0027028849,,WEEK,2025-05-11,2025,91.50,26.30,2,system,2026-03-03 12:00:00,,2026-03-03 12:00:00,0
450,0027028849,,WEEK,2025-05-18,2025,4.50,4.50,1,system,2026-03-03 12:00:00,,2026-03-03 12:00:00,0
451,0027028849,,WEEK,2025-07-06,2025,176.00,74.55,3,system,2026-03-03 12:00:00,,2026-03-03 12:00:00,0
452,0027028849,,WEEK,2025-10-19,2025,5.00,5.00,1,system,2026-03-03 12:00:00,,2026-03-03 12:00:00,0
453,0027028849,,WEEK,2025-12-14,2025,38.60,38.60,1,system,2026-03-03 12:00:00,,2026-03-03 12:00:00,0
454,0027028877,,MONTH,2025-01,2025,3.56,3.56,2,system,2026-03-03 12:00:00,,2026-03-03 12:00:00,0
455,0027028877,,MONTH,2025-02,2025,-68.78,-20.02,1,system,2026-03-03 12:00:00,,2026-03-03 12:00:00,0
456,0027028877,,MONTH,2025-03,2025,49.18,12.62,1,system,2026-03-03 12:00:00,,2026-03-03 12:00:00,0
457,0027028877,,MONTH,2025-04,2025,161.12,161.12,7,system,2026-03-03 12:00:00,,2026-03-03 12:00:00,0
458,0027028877,,MONTH,2025-06,2025,89.45,89.45,4,system,2026-03-03 12:00:00,,2026-03-03 12:00:00,0
459,0027028877,,MONTH,2025-07,2025,21.94,21.94,4,system,2026-03-03 12:00:00,,2026-03-03 12:00:00,0
460,0027028877,,MONTH,2025-08,2025,56.65,56.65,3,system,2026-03-03 12:00:00,,2026-03-03 12:00:00,0
461,0027028877,,MONTH,2025-09,2025,63.75,50.55,7,system,2026-03-03 12:00:00,,2026-03-03 12:00:00,0
462,0027028877,,MONTH,2025-10,2025,6.29,6.29,7,system,2026-03-03 12:00:00,,2026-03-03 12:00:00,0
463,0027028877,,MONTH,2025-11,2025,0.00,0.00,2,system,2026-03-03 12:00:00,,2026-03-03 12:00:00,0
464,0027028877,,MONTH,2025-12,2025,0.00,0.00,3,system,2026-03-03 12:00:00,,2026-03-03 12:00:00,0
465,0027028877,,WEEK,2025-02-02,2025,3.56,3.56,2,system,2026-03-03 12:00:00,,2026-03-03 12:00:00,0
466,0027028877,,WEEK,2025-03-02,2025,-68.78,-20.02,1,system,2026-03-03 12:00:00,,2026-03-03 12:00:00,0
467,0027028877,,WEEK,2025-03-30,2025,49.18,12.62,1,system,2026-03-03 12:00:00,,2026-03-03 12:00:00,0
468,0027028877,,WEEK,2025-04-27,2025,26.38,26.38,2,system,2026-03-03 12:00:00,,2026-03-03 12:00:00,0
469,0027028877,,WEEK,2025-05-04,2025,134.74,134.74,5,system,2026-03-03 12:00:00,,2026-03-03 12:00:00,0
470,0027028877,,WEEK,2025-06-08,2025,9.47,9.47,1,system,2026-03-03 12:00:00,,2026-03-03 12:00:00,0
471,0027028877,,WEEK,2025-06-15,2025,6.24,6.24,1,system,2026-03-03 12:00:00,,2026-03-03 12:00:00,0
472,0027028877,,WEEK,2025-06-22,2025,21.74,21.74,1,system,2026-03-03 12:00:00,,2026-03-03 12:00:00,0
473,0027028877,,WEEK,2025-07-06,2025,61.99,61.99,2,system,2026-03-03 12:00:00,,2026-03-03 12:00:00,0
474,0027028877,,WEEK,2025-07-20,2025,8.99,8.99,2,system,2026-03-03 12:00:00,,2026-03-03 12:00:00,0
475,0027028877,,WEEK,2025-08-03,2025,2.96,2.96,1,system,2026-03-03 12:00:00,,2026-03-03 12:00:00,0
476,0027028877,,WEEK,2025-08-17,2025,5.11,5.11,2,system,2026-03-03 12:00:00,,2026-03-03 12:00:00,0
477,0027028877,,WEEK,2025-08-24,2025,51.55,51.55,1,system,2026-03-03 12:00:00,,2026-03-03 12:00:00,0
478,0027028877,,WEEK,2025-09-07,2025,8.15,8.15,2,system,2026-03-03 12:00:00,,2026-03-03 12:00:00,0
479,0027028877,,WEEK,2025-09-14,2025,0.00,0.00,1,system,2026-03-03 12:00:00,,2026-03-03 12:00:00,0
480,0027028877,,WEEK,2025-09-21,2025,20.60,7.40,1,system,2026-03-03 12:00:00,,2026-03-03 12:00:00,0
481,0027028877,,WEEK,2025-09-28,2025,35.00,35.00,2,system,2026-03-03 12:00:00,,2026-03-03 12:00:00,0
482,0027028877,,WEEK,2025-10-05,2025,0.00,0.00,1,system,2026-03-03 12:00:00,,2026-03-03 12:00:00,0
483,0027028877,,WEEK,2025-11-02,2025,6.29,6.29,7,system,2026-03-03 12:00:00,,2026-03-03 12:00:00,0
484,0027028877,,WEEK,2025-11-16,2025,0.00,0.00,2,system,2026-03-03 12:00:00,,2026-03-03 12:00:00,0
485,0027028877,,WEEK,2025-12-07,2025,0.00,0.00,3,system,2026-03-03 12:00:00,,2026-03-03 12:00:00,0
486,0027028933,,MONTH,2025-02,2025,79.75,64.00,1,system,2026-03-03 12:00:00,,2026-03-03 12:00:00,0
487,0027028933,,MONTH,2025-06,2025,46.50,46.50,1,system,2026-03-03 12:00:00,,2026-03-03 12:00:00,0
488,0027028933,,WEEK,2025-03-02,2025,79.75,64.00,1,system,2026-03-03 12:00:00,,2026-03-03 12:00:00,0
489,0027028933,,WEEK,2025-06-29,2025,46.50,46.50,1,system,2026-03-03 12:00:00,,2026-03-03 12:00:00,0
490,0027029696,,MONTH,2025-06,2025,178.80,173.80,2,system,2026-03-03 12:00:00,,2026-03-03 12:00:00,0
491,0027029696,,MONTH,2025-11,2025,56.00,56.00,2,system,2026-03-03 12:00:00,,2026-03-03 12:00:00,0
492,0027029696,,MONTH,2025-12,2025,38.90,38.90,1,system,2026-03-03 12:00:00,,2026-03-03 12:00:00,0
493,0027029696,,WEEK,2025-06-22,2025,38.80,38.80,1,system,2026-03-03 12:00:00,,2026-03-03 12:00:00,0
494,0027029696,,WEEK,2025-07-06,2025,140.00,135.00,1,system,2026-03-03 12:00:00,,2026-03-03 12:00:00,0
495,0027029696,,WEEK,2025-11-09,2025,0.00,0.00,1,system,2026-03-03 12:00:00,,2026-03-03 12:00:00,0
496,0027029696,,WEEK,2025-11-23,2025,56.00,56.00,1,system,2026-03-03 12:00:00,,2026-03-03 12:00:00,0
497,0027029696,,WEEK,2025-12-07,2025,38.90,38.90,1,system,2026-03-03 12:00:00,,2026-03-03 12:00:00,0
498,0027029748,,MONTH,2025-01,2025,7.36,7.36,1,system,2026-03-03 12:00:00,,2026-03-03 12:00:00,0
499,0027029748,,MONTH,2025-02,2025,35.00,35.00,1,system,2026-03-03 12:00:00,,2026-03-03 12:00:00,0
500,0027029748,,MONTH,2025-03,2025,500.00,500.00,1,system,2026-03-03 12:00:00,,2026-03-03 12:00:00,0
501,0027029748,,MONTH,2025-05,2025,230.00,230.00,2,system,2026-03-03 12:00:00,,2026-03-03 12:00:00,0
502,0027029748,,MONTH,2025-06,2025,90.07,90.07,4,system,2026-03-03 12:00:00,,2026-03-03 12:00:00,0
503,0027029748,,MONTH,2025-08,2025,17.66,17.66,1,system,2026-03-03 12:00:00,,2026-03-03 12:00:00,0
504,0027029748,,MONTH,2025-09,2025,10.00,10.00,1,system,2026-03-03 12:00:00,,2026-03-03 12:00:00,0
505,0027029748,,WEEK,2025-01-26,2025,7.36,7.36,1,system,2026-03-03 12:00:00,,2026-03-03 12:00:00,0
506,0027029748,,WEEK,2025-03-02,2025,35.00,35.00,1,system,2026-03-03 12:00:00,,2026-03-03 12:00:00,0
507,0027029748,,WEEK,2025-03-23,2025,500.00,500.00,1,system,2026-03-03 12:00:00,,2026-03-03 12:00:00,0
508,0027029748,,WEEK,2025-05-25,2025,0.00,0.00,1,system,2026-03-03 12:00:00,,2026-03-03 12:00:00,0
509,0027029748,,WEEK,2025-06-01,2025,230.00,230.00,1,system,2026-03-03 12:00:00,,2026-03-03 12:00:00,0
510,0027029748,,WEEK,2025-06-15,2025,22.01,22.01,1,system,2026-03-03 12:00:00,,2026-03-03 12:00:00,0
511,0027029748,,WEEK,2025-06-22,2025,15.08,15.08,1,system,2026-03-03 12:00:00,,2026-03-03 12:00:00,0
512,0027029748,,WEEK,2025-06-29,2025,52.98,52.98,2,system,2026-03-03 12:00:00,,2026-03-03 12:00:00,0
513,0027029748,,WEEK,2025-08-31,2025,17.66,17.66,1,system,2026-03-03 12:00:00,,2026-03-03 12:00:00,0
514,0027029748,,WEEK,2025-09-28,2025,10.00,10.00,1,system,2026-03-03 12:00:00,,2026-03-03 12:00:00,0
515,0027029790,,MONTH,2025-02,2025,0.00,0.00,1,system,2026-03-03 12:00:00,,2026-03-03 12:00:00,0
516,0027029790,,MONTH,2025-03,2025,27.98,27.98,2,system,2026-03-03 12:00:00,,2026-03-03 12:00:00,0
517,0027029790,,MONTH,2025-07,2025,22.07,22.07,2,system,2026-03-03 12:00:00,,2026-03-03 12:00:00,0
518,0027029790,,MONTH,2025-11,2025,17.19,17.19,3,system,2026-03-03 12:00:00,,2026-03-03 12:00:00,0
519,0027029790,,WEEK,2025-03-02,2025,0.00,0.00,1,system,2026-03-03 12:00:00,,2026-03-03 12:00:00,0
520,0027029790,,WEEK,2025-03-16,2025,8.48,8.48,1,system,2026-03-03 12:00:00,,2026-03-03 12:00:00,0
521,0027029790,,WEEK,2025-03-23,2025,19.50,19.50,1,system,2026-03-03 12:00:00,,2026-03-03 12:00:00,0
522,0027029790,,WEEK,2025-07-06,2025,9.57,9.57,1,system,2026-03-03 12:00:00,,2026-03-03 12:00:00,0
523,0027029790,,WEEK,2025-08-03,2025,12.50,12.50,1,system,2026-03-03 12:00:00,,2026-03-03 12:00:00,0
524,0027029790,,WEEK,2025-11-02,2025,11.40,11.40,1,system,2026-03-03 12:00:00,,2026-03-03 12:00:00,0
525,0027029790,,WEEK,2025-11-23,2025,1.84,1.84,1,system,2026-03-03 12:00:00,,2026-03-03 12:00:00,0
526,0027029790,,WEEK,2025-11-30,2025,3.95,3.95,1,system,2026-03-03 12:00:00,,2026-03-03 12:00:00,0
527,0027029940,,MONTH,2025-04,2025,9.02,9.02,1,system,2026-03-03 12:00:00,,2026-03-03 12:00:00,0
528,0027029940,,MONTH,2025-05,2025,16.12,16.12,2,system,2026-03-03 12:00:00,,2026-03-03 12:00:00,0
529,0027029940,,MONTH,2025-09,2025,2.72,2.72,1,system,2026-03-03 12:00:00,,2026-03-03 12:00:00,0
530,0027029940,,WEEK,2025-04-27,2025,9.02,9.02,1,system,2026-03-03 12:00:00,,2026-03-03 12:00:00,0
531,0027029940,,WEEK,2025-05-18,2025,16.12,16.12,2,system,2026-03-03 12:00:00,,2026-03-03 12:00:00,0
532,0027029940,,WEEK,2025-10-05,2025,2.72,2.72,1,system,2026-03-03 12:00:00,,2026-03-03 12:00:00,0
533,0027030534,,MONTH,2025-08,2025,72.60,0.00,1,system,2026-03-03 12:00:00,,2026-03-03 12:00:00,0
534,0027030534,,MONTH,2025-09,2025,28.60,28.60,3,system,2026-03-03 12:00:00,,2026-03-03 12:00:00,0
535,0027030534,,MONTH,2025-10,2025,14.85,14.85,1,system,2026-03-03 12:00:00,,2026-03-03 12:00:00,0
536,0027030534,,MONTH,2025-12,2025,12.13,12.13,2,system,2026-03-03 12:00:00,,2026-03-03 12:00:00,0
537,0027030534,,WEEK,2025-08-31,2025,72.60,0.00,1,system,2026-03-03 12:00:00,,2026-03-03 12:00:00,0
538,0027030534,,WEEK,2025-09-21,2025,20.00,20.00,1,system,2026-03-03 12:00:00,,2026-03-03 12:00:00,0
539,0027030534,,WEEK,2025-09-28,2025,6.20,6.20,1,system,2026-03-03 12:00:00,,2026-03-03 12:00:00,0
540,0027030534,,WEEK,2025-10-05,2025,2.40,2.40,1,system,2026-03-03 12:00:00,,2026-03-03 12:00:00,0
541,0027030534,,WEEK,2025-10-19,2025,14.85,14.85,1,system,2026-03-03 12:00:00,,2026-03-03 12:00:00,0
542,0027030534,,WEEK,2025-12-07,2025,12.13,12.13,2,system,2026-03-03 12:00:00,,2026-03-03 12:00:00,0
543,0027030548,,MONTH,2025-07,2025,8.00,8.00,1,system,2026-03-03 12:00:00,,2026-03-03 12:00:00,0
544,0027030548,,WEEK,2025-08-03,2025,8.00,8.00,1,system,2026-03-03 12:00:00,,2026-03-03 12:00:00,0
545,0027030557,,MONTH,2025-03,2025,44.70,44.70,1,system,2026-03-03 12:00:00,,2026-03-03 12:00:00,0
546,0027030557,,MONTH,2025-06,2025,103.41,103.41,2,system,2026-03-03 12:00:00,,2026-03-03 12:00:00,0
547,0027030557,,MONTH,2025-07,2025,39.95,39.95,2,system,2026-03-03 12:00:00,,2026-03-03 12:00:00,0
548,0027030557,,MONTH,2025-08,2025,50.80,50.80,2,system,2026-03-03 12:00:00,,2026-03-03 12:00:00,0
549,0027030557,,MONTH,2025-10,2025,75.40,75.40,1,system,2026-03-03 12:00:00,,2026-03-03 12:00:00,0
550,0027030557,,MONTH,2025-11,2025,9.55,9.55,2,system,2026-03-03 12:00:00,,2026-03-03 12:00:00,0
551,0027030557,,WEEK,2025-03-16,2025,44.70,44.70,1,system,2026-03-03 12:00:00,,2026-03-03 12:00:00,0
552,0027030557,,WEEK,2025-06-08,2025,103.41,103.41,2,system,2026-03-03 12:00:00,,2026-03-03 12:00:00,0
553,0027030557,,WEEK,2025-07-06,2025,7.95,7.95,1,system,2026-03-03 12:00:00,,2026-03-03 12:00:00,0
554,0027030557,,WEEK,2025-07-27,2025,32.00,32.00,1,system,2026-03-03 12:00:00,,2026-03-03 12:00:00,0
555,0027030557,,WEEK,2025-08-31,2025,50.80,50.80,2,system,2026-03-03 12:00:00,,2026-03-03 12:00:00,0
556,0027030557,,WEEK,2025-11-02,2025,75.40,75.40,1,system,2026-03-03 12:00:00,,2026-03-03 12:00:00,0
557,0027030557,,WEEK,2025-11-30,2025,9.55,9.55,2,system,2026-03-03 12:00:00,,2026-03-03 12:00:00,0
558,0027030568,,MONTH,2025-09,2025,140.00,140.00,1,system,2026-03-03 12:00:00,,2026-03-03 12:00:00,0
559,0027030568,,WEEK,2025-09-28,2025,140.00,140.00,1,system,2026-03-03 12:00:00,,2026-03-03 12:00:00,0
560,0027030612,,MONTH,2025-11,2025,65.00,50.00,1,system,2026-03-03 12:00:00,,2026-03-03 12:00:00,0
561,0027030612,,WEEK,2025-11-16,2025,65.00,50.00,1,system,2026-03-03 12:00:00,,2026-03-03 12:00:00,0
562,0027030756,,MONTH,2025-01,2025,9.20,9.20,1,system,2026-03-03 12:00:00,,2026-03-03 12:00:00,0
563,0027030756,,MONTH,2025-03,2025,11.60,11.60,1,system,2026-03-03 12:00:00,,2026-03-03 12:00:00,0
564,0027030756,,MONTH,2025-06,2025,226.96,154.76,3,system,2026-03-03 12:00:00,,2026-03-03 12:00:00,0
565,0027030756,,MONTH,2025-07,2025,0.00,0.00,1,system,2026-03-03 12:00:00,,2026-03-03 12:00:00,0
566,0027030756,,MONTH,2025-11,2025,15.61,15.61,2,system,2026-03-03 12:00:00,,2026-03-03 12:00:00,0
567,0027030756,,WEEK,2025-01-05,2025,9.20,9.20,1,system,2026-03-03 12:00:00,,2026-03-03 12:00:00,0
568,0027030756,,WEEK,2025-03-30,2025,11.60,11.60,1,system,2026-03-03 12:00:00,,2026-03-03 12:00:00,0
569,0027030756,,WEEK,2025-06-29,2025,186.16,153.96,2,system,2026-03-03 12:00:00,,2026-03-03 12:00:00,0
570,0027030756,,WEEK,2025-07-06,2025,40.80,0.80,1,system,2026-03-03 12:00:00,,2026-03-03 12:00:00,0
571,0027030756,,WEEK,2025-07-20,2025,0.00,0.00,1,system,2026-03-03 12:00:00,,2026-03-03 12:00:00,0
572,0027030756,,WEEK,2025-11-09,2025,6.39,6.39,1,system,2026-03-03 12:00:00,,2026-03-03 12:00:00,0
573,0027030756,,WEEK,2025-11-23,2025,9.22,9.22,1,system,2026-03-03 12:00:00,,2026-03-03 12:00:00,0
574,0027030881,,MONTH,2025-09,2025,260.00,260.00,1,system,2026-03-03 12:00:00,,2026-03-03 12:00:00,0
575,0027030881,,MONTH,2025-11,2025,4.59,4.59,1,system,2026-03-03 12:00:00,,2026-03-03 12:00:00,0
576,0027030881,,WEEK,2025-10-05,2025,260.00,260.00,1,system,2026-03-03 12:00:00,,2026-03-03 12:00:00,0
577,0027030881,,WEEK,2025-11-23,2025,4.59,4.59,1,system,2026-03-03 12:00:00,,2026-03-03 12:00:00,0
578,0027030937,,MONTH,2025-07,2025,33.27,27.38,1,system,2026-03-03 12:00:00,,2026-03-03 12:00:00,0
579,0027030937,,MONTH,2025-08,2025,25.00,25.00,1,system,2026-03-03 12:00:00,,2026-03-03 12:00:00,0
580,0027030937,,MONTH,2025-09,2025,15.35,15.35,1,system,2026-03-03 12:00:00,,2026-03-03 12:00:00,0
581,0027030937,,WEEK,2025-07-20,2025,33.27,27.38,1,system,2026-03-03 12:00:00,,2026-03-03 12:00:00,0
582,0027030937,,WEEK,2025-08-24,2025,25.00,25.00,1,system,2026-03-03 12:00:00,,2026-03-03 12:00:00,0
583,0027030937,,WEEK,2025-10-05,2025,15.35,15.35,1,system,2026-03-03 12:00:00,,2026-03-03 12:00:00,0
584,0027031012,,MONTH,2025-06,2025,6.00,6.00,1,system,2026-03-03 12:00:00,,2026-03-03 12:00:00,0
585,0027031012,,MONTH,2025-10,2025,71.15,71.15,3,system,2026-03-03 12:00:00,,2026-03-03 12:00:00,0
586,0027031012,,MONTH,2025-11,2025,6.00,6.00,2,system,2026-03-03 12:00:00,,2026-03-03 12:00:00,0
587,0027031012,,WEEK,2025-07-06,2025,6.00,6.00,1,system,2026-03-03 12:00:00,,2026-03-03 12:00:00,0
588,0027031012,,WEEK,2025-10-19,2025,50.00,50.00,1,system,2026-03-03 12:00:00,,2026-03-03 12:00:00,0
589,0027031012,,WEEK,2025-11-02,2025,21.15,21.15,2,system,2026-03-03 12:00:00,,2026-03-03 12:00:00,0
590,0027031012,,WEEK,2025-11-16,2025,3.90,3.90,1,system,2026-03-03 12:00:00,,2026-03-03 12:00:00,0
591,0027031012,,WEEK,2025-11-30,2025,2.10,2.10,1,system,2026-03-03 12:00:00,,2026-03-03 12:00:00,0
592,0027031389,,MONTH,2025-08,2025,26.88,26.88,1,system,2026-03-03 12:00:00,,2026-03-03 12:00:00,0
593,0027031389,,MONTH,2025-10,2025,3.85,3.85,1,system,2026-03-03 12:00:00,,2026-03-03 12:00:00,0
594,0027031389,,MONTH,2025-11,2025,40.00,40.00,2,system,2026-03-03 12:00:00,,2026-03-03 12:00:00,0
595,0027031389,,WEEK,2025-08-31,2025,26.88,26.88,1,system,2026-03-03 12:00:00,,2026-03-03 12:00:00,0
596,0027031389,,WEEK,2025-11-02,2025,3.85,3.85,1,system,2026-03-03 12:00:00,,2026-03-03 12:00:00,0
597,0027031389,,WEEK,2025-11-09,2025,0.00,0.00,1,system,2026-03-03 12:00:00,,2026-03-03 12:00:00,0
598,0027031389,,WEEK,2025-11-30,2025,40.00,40.00,1,system,2026-03-03 12:00:00,,2026-03-03 12:00:00,0
599,0027031475,,MONTH,2025-10,2025,0.00,0.00,1,system,2026-03-03 12:00:00,,2026-03-03 12:00:00,0
600,0027031475,,MONTH,2025-11,2025,77.58,77.58,2,system,2026-03-03 12:00:00,,2026-03-03 12:00:00,0
601,0027031475,,WEEK,2025-10-19,2025,0.00,0.00,1,system,2026-03-03 12:00:00,,2026-03-03 12:00:00,0
602,0027031475,,WEEK,2025-11-16,2025,20.44,20.44,1,system,2026-03-03 12:00:00,,2026-03-03 12:00:00,0
603,0027031475,,WEEK,2025-11-23,2025,57.14,57.14,1,system,2026-03-03 12:00:00,,2026-03-03 12:00:00,0
604,0027032276,,MONTH,2025-01,2025,360.00,28.80,1,system,2026-03-03 12:00:00,,2026-03-03 12:00:00,0
605,0027032276,,MONTH,2025-02,2025,58.37,58.37,3,system,2026-03-03 12:00:00,,2026-03-03 12:00:00,0
606,0027032276,,MONTH,2025-03,2025,240.40,87.10,4,system,2026-03-03 12:00:00,,2026-03-03 12:00:00,0
607,0027032276,,MONTH,2025-04,2025,42.00,42.00,2,system,2026-03-03 12:00:00,,2026-03-03 12:00:00,0
608,0027032276,,MONTH,2025-05,2025,810.29,0.02,2,system,2026-03-03 12:00:00,,2026-03-03 12:00:00,0
609,0027032276,,MONTH,2025-06,2025,3088.60,1178.60,6,system,2026-03-03 12:00:00,,2026-03-03 12:00:00,0
610,0027032276,,MONTH,2025-08,2025,50.10,50.10,3,system,2026-03-03 12:00:00,,2026-03-03 12:00:00,0
611,0027032276,,MONTH,2025-09,2025,0.04,0.03,2,system,2026-03-03 12:00:00,,2026-03-03 12:00:00,0
612,0027032276,,MONTH,2025-10,2025,110.92,60.92,4,system,2026-03-03 12:00:00,,2026-03-03 12:00:00,0
613,0027032276,,MONTH,2025-11,2025,107.41,38.50,4,system,2026-03-03 12:00:00,,2026-03-03 12:00:00,0
614,0027032276,,MONTH,2025-12,2025,493.16,23.68,5,system,2026-03-03 12:00:00,,2026-03-03 12:00:00,0
615,0027032276,,WEEK,2025-01-19,2025,360.00,28.80,1,system,2026-03-03 12:00:00,,2026-03-03 12:00:00,0
616,0027032276,,WEEK,2025-02-23,2025,0.77,0.77,1,system,2026-03-03 12:00:00,,2026-03-03 12:00:00,0
617,0027032276,,WEEK,2025-03-02,2025,57.60,57.60,2,system,2026-03-03 12:00:00,,2026-03-03 12:00:00,0
618,0027032276,,WEEK,2025-03-09,2025,0.00,0.00,2,system,2026-03-03 12:00:00,,2026-03-03 12:00:00,0
619,0027032276,,WEEK,2025-03-16,2025,240.40,87.10,2,system,2026-03-03 12:00:00,,2026-03-03 12:00:00,0
620,0027032276,,WEEK,2025-04-27,2025,42.00,42.00,2,system,2026-03-03 12:00:00,,2026-03-03 12:00:00,0
621,0027032276,,WEEK,2025-05-04,2025,810.29,0.02,2,system,2026-03-03 12:00:00,,2026-03-03 12:00:00,0
622,0027032276,,WEEK,2025-06-15,2025,20.90,20.90,1,system,2026-03-03 12:00:00,,2026-03-03 12:00:00,0
623,0027032276,,WEEK,2025-06-22,2025,45.70,45.70,2,system,2026-03-03 12:00:00,,2026-03-03 12:00:00,0
624,0027032276,,WEEK,2025-06-29,2025,3010.50,1100.50,2,system,2026-03-03 12:00:00,,2026-03-03 12:00:00,0
625,0027032276,,WEEK,2025-07-06,2025,11.50,11.50,1,system,2026-03-03 12:00:00,,2026-03-03 12:00:00,0
626,0027032276,,WEEK,2025-08-31,2025,50.10,50.10,3,system,2026-03-03 12:00:00,,2026-03-03 12:00:00,0
627,0027032276,,WEEK,2025-09-07,2025,0.04,0.03,2,system,2026-03-03 12:00:00,,2026-03-03 12:00:00,0
628,0027032276,,WEEK,2025-10-19,2025,50.00,0.00,1,system,2026-03-03 12:00:00,,2026-03-03 12:00:00,0
629,0027032276,,WEEK,2025-10-26,2025,11.00,11.00,1,system,2026-03-03 12:00:00,,2026-03-03 12:00:00,0
630,0027032276,,WEEK,2025-11-02,2025,118.84,49.93,5,system,2026-03-03 12:00:00,,2026-03-03 12:00:00,0
631,0027032276,,WEEK,2025-11-09,2025,38.50,38.50,1,system,2026-03-03 12:00:00,,2026-03-03 12:00:00,0
632,0027032276,,WEEK,2025-12-07,2025,493.16,23.68,5,system,2026-03-03 12:00:00,,2026-03-03 12:00:00,0
633,2027001448,,MONTH,2025-05,2025,162.00,162.00,4,system,2026-03-03 12:00:00,,2026-03-03 12:00:00,0
634,2027001448,,WEEK,2025-05-11,2025,140.04,140.04,2,system,2026-03-03 12:00:00,,2026-03-03 12:00:00,0
635,2027001448,,WEEK,2025-06-01,2025,21.96,21.96,2,system,2026-03-03 12:00:00,,2026-03-03 12:00:00,0
636,2027001452,,MONTH,2025-02,2025,4.00,4.00,1,system,2026-03-03 12:00:00,,2026-03-03 12:00:00,0
637,2027001452,,MONTH,2025-03,2025,300.00,300.00,1,system,2026-03-03 12:00:00,,2026-03-03 12:00:00,0
638,2027001452,,MONTH,2025-05,2025,40.00,40.00,1,system,2026-03-03 12:00:00,,2026-03-03 12:00:00,0
639,2027001452,,MONTH,2025-07,2025,6.00,6.00,1,system,2026-03-03 12:00:00,,2026-03-03 12:00:00,0
640,2027001452,,MONTH,2025-08,2025,13.00,13.00,1,system,2026-03-03 12:00:00,,2026-03-03 12:00:00,0
641,2027001452,,MONTH,2025-09,2025,53.00,53.00,2,system,2026-03-03 12:00:00,,2026-03-03 12:00:00,0
642,2027001452,,MONTH,2025-10,2025,48.57,48.57,2,system,2026-03-03 12:00:00,,2026-03-03 12:00:00,0
643,2027001452,,WEEK,2025-03-02,2025,4.00,4.00,1,system,2026-03-03 12:00:00,,2026-03-03 12:00:00,0
644,2027001452,,WEEK,2025-03-16,2025,300.00,300.00,1,system,2026-03-03 12:00:00,,2026-03-03 12:00:00,0
645,2027001452,,WEEK,2025-05-11,2025,40.00,40.00,1,system,2026-03-03 12:00:00,,2026-03-03 12:00:00,0
646,2027001452,,WEEK,2025-08-03,2025,6.00,6.00,1,system,2026-03-03 12:00:00,,2026-03-03 12:00:00,0
647,2027001452,,WEEK,2025-08-17,2025,13.00,13.00,1,system,2026-03-03 12:00:00,,2026-03-03 12:00:00,0
648,2027001452,,WEEK,2025-09-21,2025,53.00,53.00,2,system,2026-03-03 12:00:00,,2026-03-03 12:00:00,0
649,2027001452,,WEEK,2025-10-19,2025,36.94,36.94,1,system,2026-03-03 12:00:00,,2026-03-03 12:00:00,0
650,2027001452,,WEEK,2025-11-02,2025,11.63,11.63,1,system,2026-03-03 12:00:00,,2026-03-03 12:00:00,0
