id,user_id,emp_no,name,emp_org_id,contact_no,contact_name,contact_date,soft_sell,contact_scale,created_by,created_time,updated_by,updated_time,is_deleted
298,,0027032276,Alicia Tan,6982,SZNT-ZQHF20250715-0001,,2025-08-30,,,0027024322,2025-12-03 17:01:12,0027028836,2026-02-03 14:04:36,0
299,,0027032276,Alicia Tan,6982,SZNT-ZQHF20250715-0007,华为尼日利亚项目,2025-12-04,23,232,0027019369,2025-12-04 10:21:44,0027017954,2026-01-23 10:18:51,0
300,,0027032276,Alicia Tan,6982,SZNT-ZQHF20250715-0008,浩鲸--中国项目,2025-12-05,343,456565,0027017954,2025-12-08 15:47:28,0027017954,2026-01-23 10:18:51,0
301,,0027032276,Alicia Tan,6982,SZNT-ZQHF20250715-0006,长城装修项目,2025-12-03,0,232323,0027017954,2025-12-08 15:47:28,0027017954,2026-01-23 10:18:06,0
302,,0027032276,Alicia Tan,6982,SZNT-ZQHF20250715-0004,茅台分销项目,2025-11-01,0,456565,0027017954,2025-12-08 15:47:28,0027017954,2026-01-23 10:18:06,0
303,,0027032276,Alicia Tan,6982,SZNT-ZQHF20250715-0005,益州小学校园健身项目,2025-12-02,45454,4051443,0027017954,2025-12-08 15:47:28,0027017954,2026-01-23 10:18:51,0
304,,0027032276,Alicia Tan,6982,SZNT-ZQHF20250715-0002,阿里中心蚂蚁项目,2025-11-01,0,232323,0027017954,2025-12-08 15:47:28,0027017954,2026-01-23 10:18:06,0
305,,0027032276,Alicia Tan,6982,SZNT-ZQHF20250715-0003,蚂蚁数字科技新项目,2025-11-01,0,232,0027017954,2025-12-08 15:47:28,0027017954,2026-01-23 10:18:06,0
306,,0027032276,Alicia Tan,6982,SZNT-ZQHF20250715-0050,测试阿里中心的场地消防,2025-09-01,,34.3444,0027017954,2025-12-09 18:32:07,0027017954,2026-01-23 10:18:06,0
307,,0027032276,Alicia Tan,6982,SZNT-ZQHF20250715-0045,阿里灰盒-PR8811700655-RFQ88468945-202101013475-安庆市医疗信息保障平台-30人天的副厂项目经理现场-交付服务分包3,2025-05-01,,4051443,0027017954,2025-12-09 18:32:07,0027017954,2026-01-23 10:18:07,0
308,,0027032276,Alicia Tan,6982,SZNT-ZQHF20250715-0071,测试项目2,2025-09-01,343,343,0027017954,2025-12-10 16:28:31,0027017954,2026-01-23 10:19:06,0
309,,0027032276,Alicia Tan,6982,SZNT-ZQHF20250715-0070,测试项目1,2025-05-01,222,4051443,0027017954,2025-12-10 16:28:31,0027017954,2026-01-23 10:18:07,0
310,,0027029940,章钱满,6978,SZST-ZQHF20250415-0001,云营销-营销一部-安徽长江大数据人力外包,2025-05-16,984.21,984.21,0027006449,2025-12-12 09:25:01,0027006449,2026-01-21 14:32:11,0
311,,0027006281,马鹏军,6979,SZST-ZQHZ20210201-0142,赤峰蒙东云计算产业发展中心智慧园区管理系统,2025-04-18,-231000,-476000,0027006449,2025-12-12 09:25:01,0027006449,2026-01-21 14:32:11,0
312,,0027006541,宋俊,7471,SZST-ZQHZ20250520-0011,宁波市信息化项目202106-308标段2系统运维标段维护服务合同,2025-06-06,879590,879590,0027006449,2025-12-12 09:25:01,0027006449,2026-01-21 14:32:11,0
313,,0027020773,苗海燕,6983,SZNT-ZQSH20250603-0001,阿里灰盒--PR8811675171-RFQ88462578-202312005269-上海市公安局提前投入项目2024-5-1-3运营运维服务,2025-06-30,460000,460000,0027006449,2025-12-12 09:25:01,0027006449,2026-01-21 14:32:11,0
314,,0027026209,陈子维,6988,SZNT-ZQHZ20250905-0009,阿里黑盒--PR8811739432-RFQ88473118-烟台欣和大数据迁移,2025-10-31,310000,310000,0027006449,2025-12-12 09:25:01,0027006449,2026-01-21 14:32:11,0
315,,0027019336,杨亭亭,6980,SZST-ZQGZ20241210-0001,河南大区-施罗德工业机器人基础平台重构项目,2025-04-25,-1200000,-1200000,0027006449,2025-12-12 09:25:01,0027006449,2026-01-21 14:32:11,0
316,,0027011999,耿强,6988,SZNT-ZQHZ20251117-21124,阿里ASP-综合项目部烟台PO8822955583分包项目软件服务订单,2025-12-03,24535.01,24535.01,0027006449,2025-12-12 09:25:01,0027006449,2026-01-21 14:32:11,0
317,,0027001661,陈伟,6985,SZNT-ZQHZ20241120-0473,阿里交付-2024年PO8822859697杭州转分包项目-一方分包-服务管理部,2025-10-04,55835.9055,55835.9055,0027006449,2025-12-12 09:25:01,0027006449,2026-01-21 14:32:11,0
318,,0027012449,顾锬,6985,SZNT-ZQHZ20250623-0004,阿里黑盒-PR8811670723-RFQ88461507-运荔枝大数据迁云服务分包_第一批-NEW,2025-12-04,195000,195000,0027006449,2025-12-12 09:25:01,0027006449,2026-01-21 14:32:11,0
319,,0027028500,符仙环,6982,SZST-ZQHK20250527-0001,云营销-营销十部-琼山区营商局+智能政务快办+人力,2025-06-20,40000,40000,0027006449,2025-12-12 09:25:01,0027006449,2026-01-21 14:32:11,0
320,,0027010968,李强,6979,SZST-ZQSJ20250519-0004,冀中云智综合管控平台集团版研发二期,2025-06-06,1430000,1430000,0027006449,2025-12-12 09:25:01,0027006449,2026-01-21 14:32:11,0
321,,0027006272,赵博文,6987,SZNT-ZQHZ20240318-0467,阿里ASP-专家业务部+杭州+PO22600551+贵州机场酒业集团电商平台项目转分包项目软件服务订单,2025-01-20,0,0,0027006449,2025-12-12 09:25:01,0027006449,2026-01-21 14:32:11,0
322,,0027006272,赵博文,6987,SZNT-ZQHZ20251113-02124,阿里ASP-政务云业务部杭州PO8822952622分包项目软件服务订单,2025-12-03,19472.21,19472.21,0027006449,2025-12-12 09:25:01,0027006449,2026-01-21 14:32:11,0
323,,0027020773,苗海燕,6983,SZNT-ZQHZ20250623-0007,阿里黑盒--PR8811692718-RFQ88467189-享道大模型服务分包,2025-10-31,19126.44,19126.44,0027006449,2025-12-12 09:25:01,0027006449,2026-01-21 14:32:11,0
324,,0027019336,杨亭亭,6980,SZST-ZQBJ20250626-0002,云营销-营销六部-百度人力服务项目,2025-09-26,65400,65400,0027006449,2025-12-12 09:25:01,0027006449,2026-01-21 14:32:11,0
325,,0027011999,耿强,6988,SZNT-ZQHZ20250624-13124,阿里ASP-综合项目部济南PO8822908451分包项目软件服务订单,2025-07-30,39526.99,39526.99,0027006449,2025-12-12 09:25:01,0027006449,2026-01-21 14:32:11,0
326,,0027006281,马鹏军,6979,SZST-ZQBJ20250626-0001,云业务营销二部-新极人力咨询服务项目,2025-07-16,424000,424000,0027006449,2025-12-12 09:25:01,0027006449,2026-01-21 14:32:11,0
327,,0027006272,赵博文,6987,SZNT-ZQHZ20230227-3073,阿里灰盒-FY230082-PR11182532-202212021616+亿滋全域数据资产平台运营分包,2025-07-31,-117059.77,-117059.77,0027006449,2025-12-12 09:25:01,0027006449,2026-01-21 14:32:11,0
328,,0027026216,田刚,6978,SZST-ZQNJ20250623-0001,云业务营销一部-2025年苏州纪检监察云大数据平台运维项目采购合同,2025-06-30,300000,300000,0027006449,2025-12-12 09:25:01,0027006449,2026-01-21 14:32:11,0
329,,0027026216,田刚,6978,SZST-ZQNJ20250623-0002,云业务营销一部-江苏省通信服务有限公司2025-2027年度软件专业服务供应商集中招募框架,2025-08-28,0,0,0027006449,2025-12-12 09:25:01,0027006449,2026-01-21 14:32:11,0
330,,0027012449,顾锬,6985,SZNT-ZQHZ20250623-0003,阿里黑盒-PR8811676342-RFQ88462865-运荔枝大数据迁云服务分包_第二批,2025-12-04,78500,78500,0027006449,2025-12-12 09:25:01,0027006449,2026-01-21 14:32:11,0
331,,0027012449,顾锬,6985,SZNT-ZQHZ20250623-0002,阿里黑盒-PR8811676339-RFQ88463254-新希望大数据迁移第二批（最后批次）分包,2025-12-04,155000,155000,0027006449,2025-12-12 09:25:01,0027006449,2026-01-21 14:32:11,0
332,,0027029748,颜佩,6984,SZST-ZQGZ20250207-0001,营销九部 深圳美丽营养科技数据中台,2025-02-28,350000,350000,0027006449,2025-12-12 09:25:01,0027006449,2026-01-21 14:32:11,0
333,,0027005061,张正东,7100,SZST-ZQWH20250821-01124,浩鲸科技-2025年阿里云服务支撑部-云业务营销部-人力-山东德州政务云28600,2025-09-18,28593.87,28593.87,0027006449,2025-12-12 09:25:01,0027006449,2026-01-21 14:32:11,0
334,,0027001572,田志勇,6984,SZNT-ZQHZ20250527-01124,阿里ASP-云研发架构部佛山PO8822897051分包项目软件服务订单,2025-07-31,57597.44,57597.44,0027006449,2025-12-12 09:25:01,0027006449,2026-01-21 14:32:11,0
335,,0027027424,王阳,6979,SZNT-ZQHZ20250917-0003,阿里灰盒-PR8811740745-RFQ88473264-202508002426-UBR-后场运维-服务分包,2025-09-30,220000,220000,0027006449,2025-12-12 09:25:01,0027006449,2026-01-21 14:32:11,0
336,,0027019657,余慧刚,6987,SZNT-ZQHZ20250526-0017,阿里黑盒-FY250229-PR8811683929-RFQ88464338-202308015979-浙江网上技术市场3.0系统二期-浙江网上技术市场3.0系统二期——服务分包采购,2025-06-30,1165000,1280000,0027006449,2025-12-12 09:25:01,0027006449,2026-01-21 14:32:11,0
337,,0027014711,李当然,6979,SZST-ZQJN20241209-0001,北京市蓝帆医疗企业数据仓库技术服务合同,2025-03-28,232658,232658,0027006449,2025-12-12 09:25:01,0027006449,2026-01-21 14:32:11,0
338,,0027028877,崔爽,7100,SZST-ZQWH20250618-0004,浩鲸科技-2025年云智能业务经营中心 -云业务营销部 -人力-中国电子云行业云平台云运维高级驻场工程师人力续约外包项目,2025-07-04,99894.16,99894.16,0027006449,2025-12-12 09:25:01,0027006449,2026-01-21 14:32:11,0
339,,0027028877,崔爽,7100,SZST-ZQWH20250618-0003,浩鲸科技-2025年云智能业务经营中心 -云业务营销部 -人力-电子云仙桃市软件交付工程师人力外包项目,2025-07-31,29588.33,29588.33,0027006449,2025-12-12 09:25:01,0027006449,2026-01-21 14:32:11,0
340,,0027006281,马鹏军,6979,SZST-ZQHH20250806-0001,云营销-营销二部-伊利人工智能视觉算法项目,2025-09-30,2249050,2249050,0027006449,2025-12-12 09:25:01,0027006449,2026-01-21 14:32:11,0
341,,2027001452,胡佩妮,6983,SZST-ZQBJ20250210-0003,云业务营销部+营销五部+上海算力运维项目,2025-03-14,3000000,3000000,0027006449,2025-12-12 09:25:01,0027006449,2026-01-21 14:32:11,0
342,,0027019862,王洪运,7473,SZST-ZQZZ20251028-0001,云业务营销十三部-省级交通运输数据共享服务项目,2025-11-24,50000,50000,0027006449,2025-12-12 09:25:01,0027006449,2026-01-21 14:32:11,0
343,,0027001572,田志勇,6984,SZNT-ZQHZ20250122-0002,阿里公有云-PR8811655885-RFQ88456754-万翼风险管理平台,2025-03-28,78000,78000,0027006449,2025-12-12 09:25:01,0027006449,2026-01-21 14:32:11,0
344,,0027012449,顾锬,6985,SZNT-ZQHZ20250211-0001,阿里灰盒-PR8811657705-RFQ88457320-202201001480-商城定开分包-全渠道业务监管云平台升级项目二期电商平台-定开服务,2025-06-04,720000,720000,0027006449,2025-12-12 09:25:01,0027006449,2026-01-21 14:32:11,0
345,,0027028877,崔爽,7100,SZST-ZQWH20250917-0001,浩鲸科技-2025年云智能业务经营中心 -云业务营销部 -人力-电子云顺义云基地驻场运维转包项目,2025-10-28,22891.3,22891.3,0027006449,2025-12-12 09:25:01,0027006449,2026-01-21 14:32:11,0
346,,0027020503,任志媛,6987,SZNT-ZQHZ20251024-0012,阿里灰盒-PR8811791003-RFQ88476304-202412007997-广东中调-AOP部署(2),2025-11-28,58000,58000,0027006449,2025-12-12 09:25:01,0027006449,2026-01-21 14:32:11,0
347,,0027026209,陈子维,6988,SZST-ZQJN20251030-0001,云营销-营销三部-招金数据中台+大模型项目,2025-11-26,40000,40000,0027006449,2025-12-12 09:25:01,0027006449,2026-01-21 14:32:11,0
348,,0027028877,崔爽,7100,SZST-ZQWH20250611-0001,浩鲸科技-2025年云智能业务经营中心 -云业务营销部 -人力-电子云AI产线前端研发工程师人力外包项目,2025-06-17,217365.87,217365.87,0027006449,2025-12-12 09:25:01,0027006449,2026-01-21 14:32:11,0
349,,0027027424,王阳,6979,SZST-ZQBJ20250306-0001,营销二部-北京-北京数聚智联人力开发项目,2025-03-21,915000,915000,0027006449,2025-12-12 09:25:01,0027006449,2026-01-21 14:32:11,0
350,,0027011799,杜成鹏,6978,SZST-ZQBJ20250711-0101,浩鲸科技-云业务营销一部-2025年-武汉药帮忙商城PC端界面重构及功能优化二期项目,2025-07-31,400000,400000,0027006449,2025-12-12 09:25:01,0027006449,2026-01-21 14:32:11,0
351,,0027015006,潘勇杰,6984,SZNT-ZQGZ20250618-0001,阿里黑盒-VPR88100155851-RFQ88466611-【采购前置】广开学分银行定开服务,2025-07-31,223000,700000,0027006449,2025-12-12 09:25:01,0027006449,2026-01-21 14:32:11,0
352,,0027029748,颜佩,6984,SZST-ZQGZ20241205-0001,周大福GIFT网关协议开发项目] 技术开发服务合同,2025-01-20,73600,73600,0027006449,2025-12-12 09:25:01,0027006449,2026-01-21 14:32:11,0
353,,0027012645,汤菊豪,6983,SZNT-ZQHZ20250819-13124,阿里ASP-云研发架构部珠海PO8822922450分包项目软件服务订单,2025-12-02,9943.58,9943.58,0027006449,2025-12-12 09:25:01,0027006449,2026-01-21 14:32:11,0
354,,0027028500,符仙环,6982,SZST-ZQHK20250410-0001,秀英智办+信用快审软件技术开发服务合同,2025-08-28,80000,80000,0027006449,2025-12-12 09:25:01,0027006449,2026-01-21 14:32:11,0
355,,0027020503,任志媛,6987,SZNT-ZQHZ20250724-0004,阿里灰盒-PR8811685437-RFQ88469813-阿里云&VDiT 低延时多媒体NRE服务采购,2025-08-30,435000,435000,0027006449,2025-12-12 09:25:01,0027006449,2026-01-21 14:32:11,0
356,,0027028849,赵嘉诚,6986,SZNT-ZQHZ20250724-0002,阿里灰盒-FY250340-PR8811701003-RFQ88469724-202506004481-【采购】青海ZWY一批次采购-青海联通信创云项目+API定制开发服务,2025-12-08,386000,386000,0027006449,2025-12-12 09:25:01,0027006449,2026-01-21 14:32:11,0
357,,0027026209,陈子维,6988,SZNT-ZQHZ20251015-0001,阿里黑盒-PR8811763710-RFQ88475289-海尔日日顺IDC大数据迁移分包,2025-12-04,157000,157000,0027006449,2025-12-12 09:25:01,0027006449,2026-01-21 14:32:11,0
358,,0027006272,赵博文,6987,SZNT-ZQHZ20250901-0002,阿里灰盒-PR8811727768-RFQ88472063-202207031916-德清县智能网联路侧（车联网）项目,2025-11-10,97000,97000,0027006449,2025-12-12 09:25:01,0027006449,2026-01-21 14:32:11,0
359,,0027029790,张恋,6978,SZST-ZQNJ20250303-0001,浩鲸科技-2025年-云业务营销一部-江苏-南京金斯瑞云平台运维项目,2025-03-21,195000,195000,0027006449,2025-12-12 09:25:01,0027006449,2026-01-21 14:32:11,0
360,,2027001452,胡佩妮,6983,SZST-ZQSH20250124-0004,上海市公安局松江分局一线赋能接口改造项目,2025-02-28,40000,40000,0027006449,2025-12-12 09:25:01,0027006449,2026-01-21 14:32:11,0
361,,0027012645,汤菊豪,6983,SSHZ-ZQSH20241223-0001,上海市长宁公安分局一线赋能软件系统项目-1,2025-03-14,550000,550000,0027006449,2025-12-12 09:25:01,0027006449,2026-01-21 14:32:11,0
362,,0027001572,田志勇,6984,SAMS-ZQMO20250226-0001,澳门商社通定制包第十批增补项目,2025-03-28,679638.2413,679638.2413,0027006449,2025-12-12 09:25:01,0027006449,2026-01-21 14:32:11,0
363,,0027027169,李飞艳,6980,SZNT-ZQHZ20251027-0005,阿里灰盒-FY250294-PR8811697218-RFQ88467924-202304023957-河南中烟专有云二期扩容项目（第三次）,2025-11-11,247000,247000,0027006449,2025-12-12 09:25:01,0027006449,2026-01-21 14:32:11,0
364,,0027001572,田志勇,6984,SAMS-ZQMO20250226-0002,阿里黑盒-2025年澳门一户通与商社通运维项目,2025-03-28,3129269.6,3129269.6,0027006449,2025-12-12 09:25:01,0027006449,2026-01-21 14:32:11,0
365,,0027030534,王磊,6983,SZNT-ZQHZ20251027-0006,阿里黑盒-PR8811775921-RFQ88475835-亚玛芬大模型服务分包采购,2025-12-04,44300,44300,0027006449,2025-12-12 09:25:01,0027006449,2026-01-21 14:32:11,0
366,,0027019657,余慧刚,6987,SZNT-ZQHZ20250324-0007,阿里灰盒--PR8811667760-RFQ88460729-202410000317-三方分包采购-一朵云租赁2025+政法云公安节点驻场,2025-05-23,2300000,2300000,0027006449,2025-12-12 09:25:01,0027006449,2026-01-21 14:32:11,0
367,,0027030557,何小凤,6987,SZST-ZQHZ20250107-0006,浩鲸科技-宁德时代菜鸟项目,2025-03-14,447000,447000,0027006449,2025-12-12 09:25:01,0027006449,2026-01-21 14:32:11,0
368,,0027026216,田刚,6978,SHJZ-ZQHZ20250325-0010,阿里黑盒-PR8811668075-RFQ88460799-202309009605-常州市一体化政务大数据平台建设项目,2025-05-09,380000,380000,0027006449,2025-12-12 09:25:01,0027006449,2026-01-21 14:32:11,0
369,,0027001572,田志勇,6984,SAMS-ZQMO20250626-0001,阿里黑盒-PR8811687244-澳门商社通新增准照續期-M GTO交付项目,2025-07-03,113756.41,113756.41,0027006449,2025-12-12 09:25:01,0027006449,2026-01-21 14:32:11,0
370,,0027030557,何小凤,6987,SZNT-ZQHZ20250926-0008,阿里黑盒-PR8811732381-RFQ88472705-202306016966-石桥云升级和XC混布大模型(百炼),2025-10-31,754000,754000,0027006449,2025-12-12 09:25:01,0027006449,2026-01-21 14:32:11,0
371,,0027006272,赵博文,6987,SZNT-ZQHZ20250529-0006,阿里灰盒-PR8811687946-RFQ88465239-202207031916-德清县智能网联路侧（车联网）,2025-06-27,97000,97000,0027006449,2025-12-12 09:25:01,0027006449,2026-01-21 14:32:11,0
372,,0027027424,王阳,6979,SZNT-ZQHZ20250623-0020,阿里灰盒-PR8811688390-RFQ88465691-202305017643-国家税务总局2023年云平台运行维护及优化完善项目,2025-07-03,125000,125000,0027006449,2025-12-12 09:25:01,0027006449,2026-01-21 14:32:11,0
373,,0027020503,任志媛,6987,SZNT-ZQHZ20250724-0011,阿里灰盒-VPR88100159928-RFQ88470100-【采购前置】AOP陪跑服务,2025-09-30,97000,97000,0027006449,2025-12-12 09:25:01,0027006449,2026-01-21 14:32:11,0
374,,0027020773,苗海燕,6983,SZST-ZQSH20250811-0002,上海大区+2024年捷豹路虎运维框架-2025年8-11月PO4,2025-08-22,367080,367080,0027006449,2025-12-12 09:25:01,0027006449,2026-01-21 14:32:11,0
375,,0027011799,杜成鹏,6978,SZNT-ZQHZ20250910-0006,阿里灰盒-FY250475-PR8811745806-RFQ88473570-202305031764-苏州园区苏州中心数字孪生-苏州园区金鸡湖数字孪生PM,2025-11-10,45000,45000,0027006449,2025-12-12 09:25:01,0027006449,2026-01-21 14:32:11,0
376,,0027006281,马鹏军,6979,SZST-ZQBJ20250609-0001,云业务营销部-营销二部-人保健康2025年互联网核心（阿里云）人力支持服务项目,2025-07-31,0,0,0027006449,2025-12-12 09:25:01,0027006449,2026-01-21 14:32:11,0
377,,0027001661,陈伟,6985,SZST-ZQKM20250630-0001,云营销-营销八部-昆明总工会产业工人服务平台数据项目,2025-07-31,270000,270000,0027006449,2025-12-12 09:25:01,0027006449,2026-01-21 14:32:11,0
378,,0027030557,何小凤,6987,SZNT-ZQHZ20250425-0009,阿里黑盒-PR8811677061-RFQ88462908-smart二期_迁云服务_第二批次-分包,2025-07-02,79500,79500,0027006449,2025-12-12 09:25:01,0027006449,2026-01-21 14:32:11,0
379,,0027018313,朱伟臻,6987,SZST-ZQSH20250326-0001,营销四部-浙江-锦江国际数据技术服务项目,2025-09-12,0,0,0027006449,2025-12-12 09:25:01,0027006449,2026-01-21 14:32:11,0
380,,0027020503,任志媛,6987,SZST-ZQHZ20250326-0013,浩鲸科技-2025年-云业务营销四部-同一健康数据治理项目-数据中枢项目,2025-05-16,760000,760000,0027006449,2025-12-12 09:25:01,0027006449,2026-01-21 14:32:11,0
381,,0027012645,汤菊豪,6983,SZNT-ZQHZ20240522-18117,阿里交付-2024年PO22647191-BP MI CR1-bp MI项目数据运维 中级工程师-ASP分包,2025-01-20,0,0,0027006449,2025-12-12 09:25:01,0027006449,2026-01-21 14:32:11,0
382,,0027031475,李浩,6987,SZST-ZQSH20250919-0001,云营销-营销四部-FORVIA大数据定制开发服务项目,2025-11-13,204364,204364,0027006449,2025-12-12 09:25:01,0027006449,2026-01-21 14:32:11,0
383,,0027032276,Alicia Tan,7472,SZNT-ZQHZ20250728-0001,阿里黑盒-PR8811700652-RFQ88469198-理想迁云支持,2025-08-30,385000,385000,0027006449,2025-12-12 09:25:01,0027006449,2026-01-21 14:32:11,0
384,,0027001572,田志勇,6984,SZNT-ZQHZ20250513-0001,阿里公共云-云业务营销部-营销九部-大参林迁云项目,2025-06-30,554000,554000,0027006449,2025-12-12 09:25:01,0027006449,2026-01-21 14:32:11,0
385,,0027020773,苗海燕,6983,SZNT-ZQHZ20250513-0002,阿里灰盒--PR8811644264-RFQ88451777-202301003418-上海市政务云B中心建设-软件部分-上海市政务云2024-2026计量计费日志剩余2年定制化及运维项目分包(2)--20250513,2025-06-27,292000,747000,0027006449,2025-12-12 09:25:01,0027006449,2026-01-21 14:32:11,0
386,,0027028877,崔爽,7100,SZST-ZQWH20250930-0001,浩鲸科技-2025年云智能业务经营中心 -云业务营销部 -人力-电子云AI应用平台高级后端研发工程师 (Golang)2人人力项目,2025-10-28,0,0,0027006449,2025-12-12 09:25:01,0027006449,2026-01-21 14:32:11,0
387,,0027005061,张正东,7100,SZST-ZQWH20250106-0167,浩鲸科技-2024年云基础事业部-行业营销一部-人力-水发集团信创云项目,2025-02-28,9945.53,9945.53,0027006449,2025-12-12 09:25:01,0027006449,2026-01-21 14:32:11,0
388,,0027014711,李当然,6979,SZNT-ZQHZ20231110-0566,阿里黑盒-浩鲸智能-PR11377683-202110006481-亦城客厅智慧化平台建设项目-工作流表单引擎,2025-01-20,-120000,-120000,0027006449,2025-12-12 09:25:01,0027006449,2026-01-21 14:32:11,0
389,,0027001572,田志勇,6984,SZNT-ZQHZ20250623-09124,阿里ASP-综合业务部杭州PO8822910897外包项目软件服务订单,2025-12-02,30093,30093,0027006449,2025-12-12 09:25:01,0027006449,2026-01-21 14:32:11,0
390,,0027029748,颜佩,6984,SZST-ZQGZ20250317-0001,云业务营销部-营销九部-广东深圳周大福SaleAPP企业礼品管理界面定制开发项目框架协议,2025-05-23,0,,0027006449,2025-12-12 09:25:01,0027006449,2026-01-21 14:32:11,0
391,,0027019336,杨亭亭,6980,SZST-ZQZZ20241209-0002,河南大区-黄河委员会数字孪生平台项目子项目-数据开发和可视化大屏,2025-08-29,-930000,-930000,0027006449,2025-12-12 09:25:01,0027006449,2026-01-21 14:32:11,0
392,,0027028877,崔爽,7100,SZST-ZQHZ20250709-0011,新华三集团-迁移服务项目-项目型框架,2025-09-22,0,0,0027006449,2025-12-12 09:25:01,0027006449,2026-01-21 14:32:11,0
393,,0027032276,Alicia Tan,7472,SZNT-ZQHZ20250728-0017,阿里黑盒-PR8811701582-RFQ88469198-理想迁云支持-可观测,2025-08-30,116000,116000,0027006449,2025-12-12 09:25:01,0027006449,2026-01-21 14:32:11,0
394,,0027012645,汤菊豪,6983,SZNT-ZQSH20250407-01124,阿里ASP-综合项目部上海PO8822881269分包项目软件服务订单,2025-06-27,63262.37,63262.37,0027006449,2025-12-12 09:25:01,0027006449,2026-01-21 14:32:11,0
395,,0027020773,苗海燕,6983,SZST-ZQSH20250423-0001,上海大区+2024年捷豹路虎运维框架-2025年5-8月PO3,2025-06-06,367080,367080,0027006449,2025-12-12 09:25:01,0027006449,2026-01-21 14:32:11,0
396,,0027026216,田刚,6978,SZNT-ZQHZ20251028-0010,阿里灰盒-PR8811789236-RFQ88476116-202508029309-2025年江苏省政务云服务飞天新建+数据迁移分包,2025-11-28,255000,255000,0027006449,2025-12-12 09:25:01,0027006449,2026-01-21 14:32:11,0
397,,0027029940,章钱满,6978,SZST-ZQHF20250919-0001,云业务营销一部-中国科学技术大学党政办接口开发,2025-09-30,27160,27160,0027006449,2025-12-12 09:25:01,0027006449,2026-01-21 14:32:11,0
398,,0027012449,顾锬,6985,SZNT-ZQHZ20250812-0001,阿里黑盒-PR8811696132-RFQ88467593-重百大数据任务迁移分包服务,2025-09-16,79000,79000,0027006449,2025-12-12 09:25:01,0027006449,2026-01-21 14:32:11,0
399,,0027010968,李强,6979,SZNT-ZQBJ20250818-0001,阿里灰盒-FY250401-PR8811723009-RFQ88471745-BPID2025060082272025-国家管网PPU框架项目+AISTACK部署,2025-09-18,15000,15000,0027006449,2025-12-12 09:25:01,0027006449,2026-01-21 14:32:11,0
400,,0027028877,崔爽,7100,SZST-ZQWH20250102-0001,浩鲸科技-2025年云基础事业部 -行业营销一部 -人力-江西省抚州市信创云项目人力外包,2025-04-30,87600,87600,0027006449,2025-12-12 09:25:01,0027006449,2026-01-21 14:32:11,0
401,,0027001572,田志勇,6984,SZNT-ZQHZ20230214-0166,阿里灰盒-PR11176050-202205021085+全棉时代-未来APP项目_GMALL产品开发,2025-01-20,-116936.09,-116936.09,0027006449,2025-12-12 09:25:01,0027006449,2026-01-21 14:32:11,0
402,,0027028877,崔爽,7100,SZST-ZQWH20250716-0001,浩鲸科技-2025年云智能业务经营中心 -云业务营销部 -项目--中电云抚州政务云多云管项目,2025-09-22,350000,350000,0027006449,2025-12-12 09:25:01,0027006449,2026-01-21 14:32:11,0
403,,0027012645,汤菊豪,6983,SZNT-ZQHZ20250624-03124,阿里ASP-综合项目部上海PO8822901175分包项目软件服务订单,2025-07-31,69750.82,69750.82,0027006449,2025-12-12 09:25:01,0027006449,2026-01-21 14:32:11,0
404,,0027032276,Alicia Tan,7472,SZNT-ZQHZ20250429-0005,阿里黑盒-PR8811676794-RFQ88462955-【智能客服项目阶段二】分包服务采购,2025-06-27,155000,155000,0027006449,2025-12-12 09:25:01,0027006449,2026-01-21 14:32:11,0
405,,0027019657,余慧刚,6987,SZNT-ZQHZ20250509-0002,阿里灰盒-PR8811676098-RFQ88462787-202206004493-AIOS智能运维-技术运维服务分包,2025-06-13,12500,125000,0027006449,2025-12-12 09:25:01,0027006449,2026-01-21 14:32:11,0
406,,0027031012,蒋珊,7472,SZST-ZQBJ20250917-0001,云营销-十五部-黑龙江交投数据治理咨询项目,2025-10-17,500000,500000,0027006449,2025-12-12 09:25:01,0027006449,2026-01-21 14:32:11,0
407,,0027032276,Alicia Tan,6982,SZST-ZQHK20250120-0001,营销十部-《海口市城市大脑二期项目（B包）合同》-实时语音流采集和推送,2025-03-14,71000,404000,0027006449,2025-12-12 09:25:01,0027006449,2026-01-21 14:32:11,0
408,,0027005061,张正东,7100,SZST-DTWH20240827-0167,框架协议-浩鲸科技 - 2024年云基础事业部 - 行业营销一部 - 多云管理平台框架项目,2025-09-15,0,0,0027006449,2025-12-12 09:25:01,0027006449,2026-01-21 14:32:11,0
409,,0027020503,任志媛,6987,SZNT-ZQHZ20251028-0004,阿里灰盒-PR8811777344-RFQ88475379-202411004833-萧山信创云改造-二期-中级,2025-11-19,87000,87000,0027006449,2025-12-12 09:25:01,0027006449,2026-01-21 14:32:11,0
410,,0027020503,任志媛,6987,SZNT-ZQHZ20251028-0005,阿里灰盒-PR8811777345-RFQ88475380-202411004833-萧山信创云改造-二期-中级,2025-11-19,43500,43500,0027006449,2025-12-12 09:25:01,0027006449,2026-01-21 14:32:11,0
411,,0027026209,陈子维,6988,SZNT-ZQHZ20251028-0003,阿里黑盒-PR8811787978-RFQ88476068-202506028939-山东高速北斗大数据应用中心建设项目专有云【软件+新建服务】,2025-11-28,174600,174600,0027006449,2025-12-12 09:25:01,0027006449,2026-01-21 14:32:11,0
412,,0027011799,杜成鹏,6978,SZST-ZQBJ20250528-0002,浩鲸科技-云业务营销一部-2025年-武汉药帮忙商城PC端界面重构及功能优化项目,2025-06-13,400000,400000,0027006449,2025-12-12 09:25:01,0027006449,2026-01-21 14:32:11,0
413,,0027032276,Alicia Tan,7472,SZNT-ZQHZ20251028-0009,阿里黑盒-PR8811745542-RFQ88473540-理想迁云支持,2025-11-04,385000,385000,0027006449,2025-12-12 09:25:01,0027006449,2026-01-21 14:32:11,0
414,,0027030756,侯剑新,6984,SZST-ZQGZ20250620-0001,云营销-营销九部-广东行政职业学院银校通项目（硬件）,2025-06-27,18262,268262,0027006449,2025-12-12 09:25:01,0027006449,2026-01-21 14:32:11,0
415,,0027019657,余慧刚,6987,SZNT-ZQHZ20250509-0006,阿里灰盒-PR8811679424-RFQ88463399-202410000317-政务云租赁2025,2025-06-13,7250000,7250000,0027006449,2025-12-12 09:25:01,0027006449,2026-01-21 14:32:11,0
416,,0027028849,赵嘉诚,6986,SZST-ZQHH20250612-0001,云营销-营销七部-华强数据中台（服务部分）项目,2025-06-30,363250,555250,0027006449,2025-12-12 09:25:01,0027006449,2026-01-21 14:32:11,0
417,,0027032276,Alicia Tan,6979,SZST-ZQBJ20250214-0001,冀中能源集团有限公司数智供应链项目,2025-03-14,800000,2000000,0027006449,2025-12-12 09:25:01,0027006449,2026-01-21 14:32:11,0
418,,0027029696,李聪,6980,SZST-ZQZZ20251126-0001,云营销-营销六部-中建七局平台建设及开发维护服务合同-2025,2025-12-02,389000,389000,0027006449,2025-12-12 09:25:01,0027006449,2026-01-21 14:32:11,0
419,,0027020503,任志媛,6987,SZST-ZQHZ20240424-0766,浩鲸科技-2024年-阿里云通讯odm分成项目（24年合作期）,2025-04-18,355584.1,355584.1,0027006449,2025-12-12 09:25:01,0027006449,2026-01-21 14:32:11,0
420,,0027032276,Alicia Tan,7472,SZNT-ZQHZ20250728-0022,阿里黑盒-PR8811684576-RFQ88465212-洋钱罐印尼大数据搬栈分包,2025-10-31,77000,77000,0027006449,2025-12-12 09:25:01,0027006449,2026-01-21 14:32:11,0
421,,0027012034,杨志江,6986,SZST-ZQHH20240422-0166,内蒙电力2024年数据治理租人项目四期,2025-11-12,114452,114452,0027006449,2025-12-12 09:25:01,0027006449,2026-01-21 14:32:11,0
422,,0027028877,崔爽,7100,SZST-ZQYC20250617-0001,浩鲸科技-2025年云智能业务经营中心 -云业务营销部 -项目--宁夏公安厅大数据中心机房搬迁项目,2025-06-30,520000,520000,0027006449,2025-12-12 09:25:01,0027006449,2026-01-21 14:32:11,0
423,,0027012645,汤菊豪,6983,SZNT-ZQHZ20251117-23124,阿里ASP-综合项目部杭州PO8822955015分包项目软件服务订单,2025-12-03,18368.64,18368.64,0027006449,2025-12-12 09:25:01,0027006449,2026-01-21 14:32:11,0
424,,0027019336,杨亭亭,6980,SZST-ZQGZ20250228-0002,浩鲸科技河南大区-施罗德工业机器人基础平台重构项目,2025-04-25,1200000,1200000,0027006449,2025-12-12 09:25:01,0027006449,2026-01-21 14:32:11,0
425,,0027029748,颜佩,6984,SZST-ZQGZ20250910-0101,云营销-营销九部-深圳南山区政务服务人力项目,2025-09-22,100000,100000,0027006449,2025-12-12 09:25:01,0027006449,2026-01-21 14:32:11,0
426,,0027019657,余慧刚,6987,SZNT-ZQHZ20251023-0007,阿里灰盒-PR8811783385-RFQ88475846-202411005051-浙江省反走私智慧综治平台二期项目-大模型一方服务分包,2025-11-29,503000,615000,0027006449,2025-12-12 09:25:01,0027006449,2026-01-21 14:32:11,0
427,,0027011799,杜成鹏,6978,SZNT-ZQHZ20250424-0001,阿里黑盒-PR8811674200-RFQ88462563-202407018941-苏宁-云效维保2024,2025-05-09,48000,48000,0027006449,2025-12-12 09:25:01,0027006449,2026-01-21 14:32:11,0
428,,0027012156,姜斌,6978,SZNT-ZQHZ20251107-0004,阿里灰盒-PR8811807297-RFQ88477549-202504020803-FY26-Q2-M3-江苏交通控股有限公司-集团OA人工智能升级项目-大模型智能体前端业务定开,2025-11-28,372000,372000,0027006449,2025-12-12 09:25:01,0027006449,2026-01-21 14:32:11,0
429,,0027027169,李飞艳,6980,SZNT-ZQHZ20251107-0005,阿里黑盒-PR8811761195-RFQ88474756-202411024344-中航光电主中心-重资产交付,2025-11-28,96000,96000,0027006449,2025-12-12 09:25:01,0027006449,2026-01-21 14:32:11,0
430,,0027028849,赵嘉诚,6986,SZNT-ZQXA20241217-0001,营销七部+长安驿零售软件优化升级项目,2025-02-12,30060,668000,0027006449,2025-12-12 09:25:01,0027006449,2026-01-21 14:32:11,0
431,,0027010786,张宏骏,6985,SZST-ZQLS20250518-0001,云业务营销部营销八部拉萨交通大屏重构项目一期,2025-06-13,1600000,1600000,0027006449,2025-12-12 09:25:01,0027006449,2026-01-21 14:32:11,0
432,,0027014711,李当然,6979,SZST-ZQBJ20250529-0001,中国移动政企分公司 2025-2026年云WiFi运营支撑服务项目,2025-06-27,70970.38,70970.38,0027006449,2025-12-12 09:25:01,0027006449,2026-01-21 14:32:11,0
433,,0027006272,赵博文,6987,SZNT-ZQHZ20250526-16124,阿里ASP-综合项目部南宁PO8822896671分包项目软件服务订单,2025-07-31,30336.38,30336.38,0027006449,2025-12-12 09:25:01,0027006449,2026-01-21 14:32:11,0
434,,0027031389,刘明,6985,SZNT-ZQCD20250922-0001,阿里黑盒--PR8811726024-RFQ88472592-海艺大数据上云改造支持,2025-10-31,38500,38500,0027006449,2025-12-12 09:25:01,0027006449,2026-01-21 14:32:11,0
435,,0027011799,杜成鹏,6978,SZST-ZQWH20250210-0001,营销一部-2025湖北荆州市荆楚云统一运营运维管理平台项目,2025-03-14,1250000,1260000,0027006449,2025-12-12 09:25:01,0027006449,2026-01-21 14:32:11,0
436,,0027001572,田志勇,6984,SZNT-ZQHZ20251119-16124,阿里ASP-云研发架构部广东PO8822955944分包项目软件服务订单,2025-12-03,36197.64,36197.64,0027006449,2025-12-12 09:25:01,0027006449,2026-01-21 14:32:11,0
437,,0027020773,苗海燕,6983,SSHZ-ZQNJ20231120-0266,徐汇公安分局警务中台迁网改造项目,2025-07-31,-14152.32,-14152.32,0027006449,2025-12-12 09:25:01,0027006449,2026-01-21 14:32:11,0
438,,0027006281,马鹏军,6979,SZNT-ZQBJ20250519-0002,阿里黑盒-永辉彩食鲜招投标AI项目,2025-09-30,138000,138000,0027006449,2025-12-12 09:25:01,0027006449,2026-01-21 14:32:11,0
439,,0027020773,苗海燕,6983,SSHZ-ZQSH20250807-0001,上海大区+奉贤区公共数据上链项目,2025-09-25,405000,896150,0027006449,2025-12-12 09:25:01,0027006449,2026-01-21 14:32:11,0
440,,0027026209,陈子维,6988,SZST-ZQHE20250210-0001,黑龙江建投集团数字化转型咨询项目,2025-06-06,90000,268000,0027006449,2025-12-12 09:25:01,0027006449,2026-01-21 14:32:11,0
441,,0027026209,陈子维,6988,SZST-ZQJN20250507-0001,招金-金色云B2C商城功能拓展建设项目,2025-05-30,264880,264880,0027006449,2025-12-12 09:25:01,0027006449,2026-01-21 14:32:11,0
442,,0027001572,田志勇,6984,SZST-ZQBJ20250513-0001,移动政企业务融合平台数据库国产化替代项目,2025-06-13,28011.73,233432.73,0027006449,2025-12-12 09:25:01,0027006449,2026-01-21 14:32:11,0
443,,0027010968,李强,6979,SZNT-ZQHZ20240725-03117,阿里池化-2024年PO22786984-管网二期PO2能力中心采购-BPID202310004913国家管网二期PO2订单项目-能力中心PM采购,2025-02-14,51049.81,51049.81,0027006449,2025-12-12 09:25:01,0027006449,2026-01-21 14:32:11,0
444,,0027012034,杨志江,6986,SZST-ZQBJ20240421-0166,内蒙电力2023年数据治理项目,2025-06-27,17010,17010,0027006449,2025-12-12 09:25:01,0027006449,2026-01-21 14:32:11,0
445,,0027028877,崔爽,7100,SZST-ZQBJ20250425-0001,浩鲸科技-2025年云智能业务经营中心 -云业务营销部 -人力-中乾思创郑州项目经理人力外包项目,2025-06-06,94712.64,94712.64,0027006449,2025-12-12 09:25:01,0027006449,2026-01-21 14:32:11,0
446,,0027029696,李聪,6980,SZST-ZQZZ20250903-0001,中原算力人工智能技术支撑服务采购项目（标段一）年度框架合同,2025-11-07,0,,0027006449,2025-12-12 09:25:01,0027006449,2026-01-21 14:32:11,0
447,,0027027424,王阳,6979,SZST-ZQBJ20250625-0001,云业务营销二部-北京数聚智联数据治理项目-人力增补,2025-09-18,260000,260000,0027006449,2025-12-12 09:25:01,0027006449,2026-01-21 14:32:11,0
448,,0027014711,李当然,6979,SZST-ZQBJ20250611-0002,国家卫生健康委人才交流服务中心 2026-2027 年 IDC 机房租赁及云资源服务采购项目,2025-06-30,1000000,4999727,0027006449,2025-12-12 09:25:01,0027006449,2026-01-21 14:32:11,0
449,,0027012645,汤菊豪,6983,SZNT-ZQHZ20250819-15124,阿里ASP-云研发架构部合肥PO8822923039分包项目软件服务订单,2025-09-04,28217.93,28217.93,0027006449,2025-12-12 09:25:01,0027006449,2026-01-21 14:32:11,0
450,,0027020503,任志媛,6987,SZST-ZQCD20250707-0001,云营销-营销四部-中材智科人力框架,2025-07-31,0,0,0027006449,2025-12-12 09:25:01,0027006449,2026-01-21 14:32:11,0
451,,0027029696,李聪,6980,SZST-ZQZZ20250418-0001,河南大区——汇融数科智慧撰写开发项目-20250326,2025-06-20,387997.68,387997.68,0027006449,2025-12-12 09:25:01,0027006449,2026-01-21 14:32:11,0
452,,0027000157,胡永春,7473,SZST-ZQBJ20210624-0140,昌平大脑回天交通试点项目,2025-06-30,-270000,-270000,0027006449,2025-12-12 09:25:01,0027006449,2026-01-21 14:32:11,0
453,,0027006541,宋俊,7471,SZST-ZQBJ20250611-0001,云业务营销部-营销十一部-江西省交通运输数据治理服务项目,2025-08-11,625000,625000,0027006449,2025-12-12 09:25:01,0027006449,2026-01-21 14:32:11,0
454,,0027028933,张术艳,6988,SZST-ZQBJ20250211-0001,营销三部+ 青岛港QQCT数据融合治理服务项目,2025-02-28,639973,797514,0027006449,2025-12-12 09:25:01,0027006449,2026-01-21 14:32:11,0
455,,0027032276,Alicia Tan,7472,SZNT-ZQHZ20251119-0021,阿里黑盒-PR8811800786-RFQ88477186-理想迁云支持-Agentops,2025-12-04,191000,191000,0027006449,2025-12-12 09:25:01,0027006449,2026-01-21 14:32:11,0
456,,0027030534,王磊,6983,SZST-ZQSH20250828-0001,上航+云迁移+人力型,2025-10-17,148500,148500,0027006449,2025-12-12 09:25:01,0027006449,2026-01-21 14:32:11,0
457,,0027001572,田志勇,6984,SAMS-ZQMO20241206-0001,阿里黑盒-澳门法务局SOW5项目,2025-02-20,4010917,4010917,0027006449,2025-12-12 09:25:01,0027006449,2026-01-21 14:32:11,0
458,,0027030557,何小凤,6987,SZNT-ZQHZ20250619-0001,阿里灰盒-PR8811693041-RFQ88466842-02306016966-石桥云升级和XC混布（政法云公安专区改造）-云平台交付一方分包,2025-08-29,380000,380000,0027006449,2025-12-12 09:25:01,0027006449,2026-01-21 14:32:11,0
459,,0027030568,陈伏健,7473,SZST-ZQGZ20250909-0001,云业务营销十三部-柳州驻场运维服务项目-人力服务,2025-09-24,1400000,1400000,0027006449,2025-12-12 09:25:01,0027006449,2026-01-21 14:32:11,0
460,,0027006272,赵博文,6987,SZNT-ZQHZ20251119-10124,阿里ASP-云研发架构部舟山PO8822957375分包项目软件服务订单,2025-12-03,8666.78,8666.78,0027006449,2025-12-12 09:25:01,0027006449,2026-01-21 14:32:11,0
461,,0027031012,蒋珊,7472,SZNT-ZQBJ20250627-0003,阿里黑盒-PR8811696280-RFQ88467709-高思自建大数据集群上云迁移,2025-06-30,60000,60000,0027006449,2025-12-12 09:25:01,0027006449,2026-01-21 14:32:11,0
462,,0027005061,张正东,7100,SZST-ZQWH20240620-0167,浩鲸科技-2024年云基础事业部 -行业营销一部 -人力-电子云-北京农业农村部公有云运维项目,2025-01-30,66000,66000,0027006449,2025-12-12 09:25:01,0027006449,2026-01-21 14:32:11,0
463,,0027006272,赵博文,6987,SZNT-ZQHZ20250226-22124,阿里ASP-云研发架构杭州PO8822882090分包项目软件服务订单,2025-03-28,161565.33,161565.33,0027006449,2025-12-12 09:25:01,0027006449,2026-01-21 14:32:11,0
464,,0027028877,崔爽,7100,SZST-ZQWH20251016-0002,浩鲸科技-2025年云智能业务经营中心 -云业务营销部 -人力-电子云公有云项目1名TAM驻场工程师外包人力项目,2025-10-31,0,0,0027006449,2025-12-12 09:25:01,0027006449,2026-01-21 14:32:11,0
465,,0027028877,崔爽,7100,SZST-ZQWH20251016-0001,浩鲸科技-2025年云智能业务经营中心 -云业务营销部 -人力-电子云AI应用平台高级后端研发工程师 (Golang)1人（第三人）人力项目,2025-10-30,0,0,0027006449,2025-12-12 09:25:01,0027006449,2026-01-21 14:32:11,0
466,,2027001452,胡佩妮,6983,SZST-ZQHZ20250829-0003,云业务营销部+营销五部+coach项目,2025-09-18,310000,310000,0027006449,2025-12-12 09:25:01,0027006449,2026-01-21 14:32:11,0
467,,0027000851,黄勇,7474,SZST-ZQCS20250328-0001,湖南省交通运输数据资源体系运行保障（2025年度）项目,2025-06-13,1008000,1158000,0027006449,2025-12-12 09:25:01,0027006449,2026-01-21 14:32:11,0
468,,0027001572,田志勇,6984,SAMS-ZQMO20250926-0001,阿里黑盒-澳门政务专有云2024-2025年运维续期云平台运维项目,2025-11-04,515000,515000,0027006449,2025-12-12 09:25:01,0027006449,2026-01-21 14:32:11,0
469,,0027029748,颜佩,6984,SZST-ZQGZ20250623-0001,云营销-营销九部-广东深圳周大福Salesapp 维修退货客定企礼板块定制开发项目,2025-08-29,176552,176552,0027006449,2025-12-12 09:25:01,0027006449,2026-01-21 14:32:11,0
470,,0027015006,潘勇杰,6984,SZST-ZQGZ20250623-0003,营销九部-广东-深圳玉禾田大模型项目,2025-06-30,646700,4890000,0027006449,2025-12-12 09:25:01,0027006449,2026-01-21 14:32:11,0
471,,0027030756,侯剑新,6984,SZST-ZQGZ20250623-0002,云营销-营销九部-香港科技大学（广州）软件系统服务采购项目,2025-07-16,0,0,0027006449,2025-12-12 09:25:01,0027006449,2026-01-21 14:32:11,0
472,,0027001572,田志勇,6984,SAMS-ZQMO20250406-0001,澳门生產雲平台數據庫產品部署及開發工作项目,2025-04-18,1938541,1938541,0027006449,2025-12-12 09:25:01,0027006449,2026-01-21 14:32:11,0
473,,0027006272,赵博文,6987,SZNT-ZQHZ20250624-10124,阿里ASP-综合项目部南宁PO8822905327分包项目软件服务订单,2025-07-31,38558.41,38558.41,0027006449,2025-12-12 09:25:01,0027006449,2026-01-21 14:32:11,0
474,,0027005061,张正东,7100,SZST-ZQWH20251110-02124,浩鲸科技-2025年阿里云服务支撑部-云业务营销部-人力-气象灾备云,2025-11-27,9224.91,9224.91,0027006449,2025-12-12 09:25:01,0027006449,2026-01-21 14:32:11,0
475,,2027001452,胡佩妮,6983,SZST-ZQHZ20250728-0007,云业务营销部+营销五部+乐高ivr menu,2025-07-31,60000,60000,0027006449,2025-12-12 09:25:01,0027006449,2026-01-21 14:32:11,0
476,,0027001572,田志勇,6984,SZNT-ZQHZ20251119-09124,阿里ASP-云研发架构部广东PO8822958487分包项目软件服务订单,2025-12-03,15307.2,15307.2,0027006449,2025-12-12 09:25:01,0027006449,2026-01-21 14:32:11,0
477,,0027020503,任志媛,6987,SZST-ZQHZ20250605-0006,浩鲸科技-云业务营销四部-2025年天猫精灵官网商城运维项目2025年,2025-07-10,603595,603595,0027006449,2025-12-12 09:25:01,0027006449,2026-01-21 14:32:11,0
478,,0027015006,潘勇杰,6984,SZST-ZQCD20250218-0001,营销九部-广东-商软数据产品项目,2025-03-14,510000,830000,0027006449,2025-12-12 09:25:01,0027006449,2026-01-21 14:32:11,0
479,,0027027169,李飞艳,6980,SZNT-ZQHZ20251014-0003,阿里灰盒-PR8811763541-RFQ88474822-202507032671-中国南水北调集团大模型APG一体机采购-三台一体机三方交付物服务,2025-11-29,35000,35000,0027006449,2025-12-12 09:25:01,0027006449,2026-01-21 14:32:11,0
480,,0027006272,赵博文,6987,SZNT-ZQHZ20251031-0003,阿里灰盒-PR8811790606-RFQ88476283-202502020866-湖州信创云一期renew-湖州信创云一期renew-4台服务器扩容,2025-11-29,19000,19000,0027006449,2025-12-12 09:25:01,0027006449,2026-01-21 14:32:11,0
481,,0027012034,杨志江,6986,SZST-ZQHZ20250819-0003,云营销-营销七部-乌鲁木齐三汇三部阿里云云平台运维项目,2025-10-27,1440000,1440000,0027006449,2025-12-12 09:25:01,0027006449,2026-01-21 14:32:11,0
482,,0027011799,杜成鹏,6978,SZNT-ZQHZ20250311-0007,阿里灰盒-PR8811664692-RFQ88459938-202005020654-淮南医保信息化云平台建设项目-项目经理,2025-04-18,47500,47500,0027006449,2025-12-12 09:25:01,0027006449,2026-01-21 14:32:11,0
483,,0027010968,李强,6979,SZST-ZQBJ20251020-0009,云业务营销二部-察尔齐-智能综合管控平台,2025-11-26,420000,900000,0027006449,2025-12-12 09:25:01,0027006449,2026-01-21 14:32:11,0
484,,0027028877,崔爽,7100,SZST-ZQBJ20250430-0001,浩鲸科技-2025年云智能业务经营中心 -云业务营销部 -人力--中国电子云武汉经济技术开发区数字开发区一期美丽社区建设项目人力外包续约,2025-06-12,62400,62400,0027006449,2025-12-12 09:25:01,0027006449,2026-01-21 14:32:11,0
485,,0027012645,汤菊豪,6983,SZNT-ZQHZ20240320-0473,阿里交付-2024年PO22583742上海转分包项目-一方分包-服务管理部,2025-07-31,49474.42,49474.42,0027006449,2025-12-12 09:25:01,0027006449,2026-01-21 14:32:11,0
486,,0027032276,Alicia Tan,7472,SZST-ZQHZ20230927-05106,浩鲸科技-公有云业务部-2024财年筑巢计划,2025-02-20,7740.05,7740.05,0027006449,2025-12-12 09:25:01,0027006449,2026-01-21 14:32:11,0
487,,0027032276,Alicia Tan,6982,SZST-ZQNN20250218-0001,营销十部-御云两人月人力支撑服务合同,2025-03-05,0,0,0027006449,2025-12-12 09:25:01,0027006449,2026-01-21 14:32:11,0
488,,0027028877,崔爽,7100,SZST-ZQWH20241224-0002,浩鲸科技-2024年云基础事业部 -行业营销一部 -项目-电子云农业农村部迁移服务项目,2025-01-30,12000,12000,0027006449,2025-12-12 09:25:01,0027006449,2026-01-21 14:32:11,0
489,,0027012645,汤菊豪,6983,SZNT-ZQHZ20251020-06124,阿里ASP-云研发架构部上海PO8822948842分包项目软件服务订单,2025-12-02,7222.32,7222.32,0027006449,2025-12-12 09:25:01,0027006449,2026-01-21 14:32:11,0
490,,0027028877,崔爽,7100,SZST-ZQWH20250725-0001,浩鲸科技-2025年云智能业务经营中心 -云业务营销部 -人力-电子云比亚迪数据中台产品及国际化服务项目产线人力外包,2025-09-04,61695.65,61695.65,0027006449,2025-12-12 09:25:01,0027006449,2026-01-21 14:32:11,0
491,,0027006272,赵博文,6987,SZNT-ZQHZ20250908-06124,阿里ASP-云研发架构部杭州PO8822926667分包项目软件服务订单,2025-10-02,57778.56,57778.56,0027006449,2025-12-12 09:25:01,0027006449,2026-01-21 14:32:11,0
492,,0027032276,Alicia Tan,7474,SZST-ZQCS20250623-0001,云业务营销十二部-湖南交通职业技术学院数字校园建设顶层设计规划及实施方案采购项目,2025-10-23,109986,109986,0027006449,2025-12-12 09:25:01,0027006449,2026-01-21 14:32:11,0
493,,0027015006,潘勇杰,6984,SZNT-ZQHZ20250620-0009,阿里灰盒-PR8811694749-RFQ88467180-202007649-番禺渔港vlog服务,2025-08-29,67761,67761,0027006449,2025-12-12 09:25:01,0027006449,2026-01-21 14:32:11,0
494,,0027020773,苗海燕,6983,SSHZ-ZQSH20250421-0001,营销五部+上海大区+青浦公安分局一线赋能模块平台项目,2025-05-30,400000,400000,0027006449,2025-12-12 09:25:01,0027006449,2026-01-21 14:32:11,0
495,,0027029748,颜佩,6984,SZST-ZQGZ20250221-0001,营销九部 深圳数字资产管理系统项目软件开发服务(CDOS)项目,2025-03-21,5000000,5000000,0027006449,2025-12-12 09:25:01,0027006449,2026-01-21 14:32:11,0
496,,0027001572,田志勇,6984,SZNT-ZQHZ20250521-08124,阿里ASP-综合业务部杭州PO8822892013外包项目软件服务订单,2025-06-27,7223.45,7223.45,0027006449,2025-12-12 09:25:01,0027006449,2026-01-21 14:32:11,0
497,,0027028877,崔爽,7100,SZST-ZQWH20251119-0001,浩鲸科技-2025年云智能业务经营中心 -云业务营销部 -人力-【RW20251119003119】凉山州AI智算平台项目AI人力外包项目-（电子云AI产线OP招聘需求人力外包）,2025-12-04,0,0,0027006449,2025-12-12 09:25:01,0027006449,2026-01-21 14:32:11,0
498,,0027028877,崔爽,7100,SZST-ZQWH20241021-0167,浩鲸科技-2024年云基础事业部 -行业营销一部 -人力-电子云扬州运维人员人力服务项目,2025-04-30,404176.14,404176.14,0027006449,2025-12-12 09:25:01,0027006449,2026-01-21 14:32:11,0
499,,0027028877,崔爽,7100,SZST-ZQWH20241106-0167,浩鲸科技-2024年云基础事业部 -行业营销一部 -人力-中国电子云行业云平台运维北京人力转包项目,2025-01-30,23571.43,23571.43,0027006449,2025-12-12 09:25:01,0027006449,2026-01-21 14:32:11,0
500,,0027010968,李强,6979,SZST-ZQSJ20251023-0001,云业务营销二部-冀中集团供应链项目增补,2025-11-26,32000,400000,0027006449,2025-12-12 09:25:01,0027006449,2026-01-21 14:32:11,0
501,,0027028877,崔爽,7100,SZST-ZQWH20250718-0001,浩鲸科技-2025年云智能业务经营中心 -云业务营销部 -人力-电子云AI产线OP招聘需求人力外包项目,2025-08-12,0,0,0027006449,2025-12-12 09:25:01,0027006449,2026-01-21 14:32:11,0
502,,0027028877,崔爽,7100,SZST-ZQWH20250904-0001,浩鲸科技-2025年云智能业务经营中心 -云业务营销部 -人力-电子云AI产线前端研发工程师人力外包项目三人续约,2025-10-28,40017.39,40017.39,0027006449,2025-12-12 09:25:01,0027006449,2026-01-21 14:32:11,0
503,,0027029790,张恋,6978,SZST-ZQNJ20250214-0001,营销一部南京公共自行车公司自动租赁系统运维项目,2025-03-14,84800,84800,0027006449,2025-12-12 09:25:01,0027006449,2026-01-21 14:32:11,0
504,,0027000851,黄勇,7474,SZST-ZQBJ20220128-0140,株洲“人工智能+智慧交通”一期数据对接技术服务合同,2025-04-30,-58000,-58000,0027006449,2025-12-12 09:25:01,0027006449,2026-01-21 14:32:11,0
505,,0027029790,张恋,6978,SZNT-ZQNJ20251029-0001,阿里黑盒-PR8811775838-RFQ88475839-运满满分包增补,2025-11-29,39500,39500,0027006449,2025-12-12 09:25:01,0027006449,2026-01-21 14:32:11,0
506,,0027012156,姜斌,6978,SZST-ZQHZ20250510-0001,【2024自营】第一营销部ATEC七期项目（新）,2025-06-13,370944,370944,0027006449,2025-12-12 09:25:01,0027006449,2026-01-21 14:32:11,0
507,,0027012156,姜斌,6978,SZST-ZQHZ20250510-0002,云业务营销一部【2024自营】ATEC八期项目,2025-06-27,767976,767976,0027006449,2025-12-12 09:25:01,0027006449,2026-01-21 14:32:11,0
508,,0027024021,吴鸣,6982,SZST-ZQHK20250904-0001,云营销-营销十部-海南区域+海口市政务服务一体化平台融合对接项目,2025-11-18,359816,359816,0027006449,2025-12-12 09:25:01,0027006449,2026-01-21 14:32:11,0
509,,0027024021,吴鸣,6982,SZST-ZQHK20241217-0002,2024海口市龙华区营商环境建设局技术支撑服务项目,2025-05-30,50000,50000,0027006449,2025-12-12 09:25:01,0027006449,2026-01-21 14:32:11,0
510,,0027014711,李当然,6979,SZNT-ZQHZ20250331-0003,阿里灰盒-FY250110-PR8811666025-RFQ88460303-202311003734-云平台交付-省广播电视集团（本级）重大文化传播平台数据中台建设项目+交付服务增补-new,2025-06-27,17400,17400,0027006449,2025-12-12 09:25:01,0027006449,2026-01-21 14:32:11,0
511,,0027001661,陈伟,6985,SZST-ZQKM20250429-0001,云营销-营销八部-曲靖市监察委员会BI产品项目,2025-07-09,170000,170000,0027006449,2025-12-12 09:25:01,0027006449,2026-01-21 14:32:11,0
512,,0027030534,王磊,6983,SZNT-ZQSH20250910-0001,阿里黑盒-PR8811727763-RFQ88472062-202507001943-PPU借用-申铁交付分包,2025-09-30,24000,24000,0027006449,2025-12-12 09:25:01,0027006449,2026-01-21 14:32:11,0
513,,0027006281,马鹏军,6979,SZNT-ZQHZ20250822-15124,阿里ASP-公共云佛山PO8822927379分包项目软件服务订单,2025-10-02,55499.55,55499.55,0027006449,2025-12-12 09:25:01,0027006449,2026-01-21 14:32:11,0
514,,0027012449,顾锬,6985,SZNT-ZQHZ20250627-0002,阿里灰盒-PR8811697111-RFQ88467827-202503014008-FY26-贵州空港-电商平台定开服务分包,2025-06-30,523000,523000,0027006449,2025-12-12 09:25:01,0027006449,2026-01-21 14:32:11,0
515,,0027028849,赵嘉诚,6986,SZST-ZQTY20250825-0001,云营销-营销七部--晋能控股招标平台云运维,2025-10-13,50000,50000,0027006449,2025-12-12 09:25:01,0027006449,2026-01-21 14:32:11,0
516,,0027028877,崔爽,7100,SZST-ZQWH20250414-0001,浩鲸科技-2025年云智能业务经营中心 -云业务营销部 -人力-电子云行业云平台两名驻场人员续约,2025-04-25,171999.08,171999.08,0027006449,2025-12-12 09:25:01,0027006449,2026-01-21 14:32:11,0
517,,0027006281,马鹏军,6979,SZST-ZQHZ20250407-0004,蒙牛产销定制化项目,2025-06-06,105000,105000,0027006449,2025-12-12 09:25:01,0027006449,2026-01-21 14:32:11,0
518,,0027028877,崔爽,7100,SZST-ZQHZ20250407-0003,浩鲸科技-2025年云智能业务经营中心 -云业务营销部 -项目-钉钉浙江内跑XC改造项目,2025-08-22,515475,515475,0027006449,2025-12-12 09:25:01,0027006449,2026-01-21 14:32:11,0
519,,0027014711,李当然,6979,SZNT-ZQHZ20250928-0014,阿里灰盒--国家电力投资集团有限公司天枢一号（服务器型）建设项目-天枢一号项目终验支持,2025-10-31,115000,115000,0027006449,2025-12-12 09:25:01,0027006449,2026-01-21 14:32:11,0
520,,0027028877,崔爽,7100,SZST-ZQWH20250414-0003,浩鲸科技-2025年云智能业务经营中心 -云业务营销部 -人力-电子云AI产线非项目外包招聘交付工程师,2025-08-15,51072.34,51072.34,0027006449,2025-12-12 09:25:01,0027006449,2026-01-21 14:32:11,0
521,,0027028877,崔爽,7100,SZST-ZQWH20250414-0002,浩鲸科技-2025年云智能业务经营中心 -云业务营销部 -人力-电子云行业云平台一名驻场人员续约,2025-04-25,91800,91800,0027006449,2025-12-12 09:25:01,0027006449,2026-01-21 14:32:11,0
522,,0027027169,李飞艳,6980,SZST-ZQZZ20250627-0001,云营销-营销六部-华鼎企微机器人及大模型平台项目,2025-07-31,102000,102000,0027006449,2025-12-12 09:25:01,0027006449,2026-01-21 14:32:11,0
523,,0027014711,李当然,6979,SZST-ZQHZ20210509-0166,阿里交付-2021年北京市城市管理综合执法大数据平台项目,2025-01-20,34495.65,34495.65,0027006449,2025-12-12 09:25:01,0027006449,2026-01-21 14:32:11,0
524,,0027028500,符仙环,6982,SZST-ZQHK20250422-0001,海口秀英区营商局安居房事项定制化,2025-05-16,66000,66000,0027006449,2025-12-12 09:25:01,0027006449,2026-01-21 14:32:11,0
525,,2027001452,胡佩妮,6983,SSHZ-ZQSH20250918-0002,云业务营销部+营销五部+闵行公安警务中台项目,2025-10-15,369400,369400,0027006449,2025-12-12 09:25:01,0027006449,2026-01-21 14:32:11,0
526,,0027020503,任志媛,6987,SZST-ZQHZ20250623-0006,浩鲸科技-营销四部-2025年-阿里云通讯视频彩铃项目,2025-09-03,932308,932308,0027006449,2025-12-12 09:25:01,0027006449,2026-01-21 14:32:11,0
527,,0027006272,赵博文,6987,SZNT-ZQHZ20250722-03124,阿里ASP-云研发架构部杭州PO8822913420分包项目软件服务订单,2025-09-04,40444.99,40444.99,0027006449,2025-12-12 09:25:01,0027006449,2026-01-21 14:32:11,0
528,,0027029790,张恋,6978,SZST-ZQNJ20250116-0002,营销一部江苏省数据集团2025年度数据治理开发技术服务商入库项目,2025-02-28,0,0,0027006449,2025-12-12 09:25:01,0027006449,2026-01-21 14:32:11,0
529,,0027001572,田志勇,6984,SAMS-ZQMO20250318-0001,阿里黑盒-澳门法务局系统重构公证相关内容增补项目,2025-03-28,198839.61,198839.61,0027006449,2025-12-12 09:25:01,0027006449,2026-01-21 14:32:11,0
530,,0027012645,汤菊豪,6983,SZNT-ZQHZ20250630-09124,阿里ASP-云研发架构部乌鲁木齐PO8822903887分包项目软件服务订单,2025-09-04,144494.06,144494.06,0027006449,2025-12-12 09:25:01,0027006449,2026-01-21 14:32:11,0
531,,0027032276,Alicia Tan,7472,SZNT-ZQHZ20250627-0011,阿里黑盒-PR8811675746-RFQ88463253-月之暗面大数据搬栈,2025-06-30,115000,115000,0027006449,2025-12-12 09:25:01,0027006449,2026-01-21 14:32:11,0
532,,0027014711,李当然,6979,SZST-ZQCD20251109-0001,云业务营销二部-北京市中国电子大模型知识库管理平台项目软件技术开发服务合同,2025-11-18,150000,150000,0027006449,2025-12-12 09:25:01,0027006449,2026-01-21 14:32:11,0
533,,0027024021,吴鸣,6982,SZST-ZQHK20250520-0001,中国地质调查局海口海洋地质调查中心+海岛（礁）综合调查数据管理系统维护更新+人力项目,2025-06-27,244200,244200,0027006449,2025-12-12 09:25:01,0027006449,2026-01-21 14:32:11,0
534,,0027030534,王磊,6983,SZST-ZQSH20250818-0001,云业务营销部+营销五部+中船公共云资源,2025-08-28,0,726000,0027006449,2025-12-12 09:25:01,0027006449,2026-01-21 14:32:11,0
535,,0027029940,章钱满,6978,SZST-ZQHF20250411-0001,云营销-营销一部-中国科学技术大学文档大模型本地部署服务,2025-04-25,90210,90210,0027006449,2025-12-12 09:25:01,0027006449,2026-01-21 14:32:11,0
536,,0027020773,苗海燕,6983,SZST-ZQNJ20250116-0001,上海大区+泉峰科技大数据平台运维,2025-02-28,13000,130000,0027006449,2025-12-12 09:25:01,0027006449,2026-01-21 14:32:11,0
537,,0027030756,侯剑新,6984,SZNT-ZQGZ20250604-0002,阿里黑盒-广东财经大学“数字广财”建设项目（2025数据中台采购）,2025-06-30,8000,408000,0027006449,2025-12-12 09:25:01,0027006449,2026-01-21 14:32:11,0
538,,0027014711,李当然,6979,SZST-ZQBJ20250402-0001,北京市中国疾控中心生物病毒大模型算力平台项目,2025-05-23,142500,142500,0027006449,2025-12-12 09:25:01,0027006449,2026-01-21 14:32:11,0
539,,0027001572,田志勇,6984,SZNT-ZQMO20250523-0001,阿里黑盒-澳門一戶通灾备实施及定开服务項目,2025-06-27,4028529,4028529,0027006449,2025-12-12 09:25:01,0027006449,2026-01-21 14:32:11,0
540,,0027001572,田志勇,6984,SZNT-ZQHZ20250928-0008,阿里黑盒-PR8811745642-RFQ88473629-大参林迁云服务-第二批次,2025-11-01,400000,400000,0027006449,2025-12-12 09:25:01,0027006449,2026-01-21 14:32:11,0
541,,0027031012,蒋珊,7472,SZNT-ZQHZ20250730-0001,阿里黑盒-PR8811707529-RFQ88470295-北京彩块科技大数据迁移上云服务,2025-10-31,190000,190000,0027006449,2025-12-12 09:25:01,0027006449,2026-01-21 14:32:11,0
542,,0027031012,蒋珊,7472,SZNT-ZQHZ20250730-0002,阿里黑盒-洋钱罐印尼大数据搬栈（延续项目）,2025-11-10,39000,39000,0027006449,2025-12-12 09:25:01,0027006449,2026-01-21 14:32:11,0
543,,0027005061,张正东,7100,SZST-ZQWH20241217-0167,中电云-2024-扬州信创政务云采购项目,2025-02-28,28667.34,28667.34,0027006449,2025-12-12 09:25:01,0027006449,2026-01-21 14:32:11,0
544,,0027028877,崔爽,7100,SZST-ZQWH20241209-0001,鲸科技-2024年云基础事业部 -行业营销一部 -人力-中国电子云武汉经济技术开发区数字开发区一期美丽社区建设项目人力外包,2025-04-30,62400,62400,0027006449,2025-12-12 09:25:01,0027006449,2026-01-21 14:32:11,0
545,,0027030937,张月影,6984,SZNT-ZQHZ20250725-0008,阿里公有云-公共云FY250327-PR8811702085-RFQ88469210-竹芒科技大数据上云迁移服务,2025-08-21,250000,250000,0027006449,2025-12-12 09:25:01,0027006449,2026-01-21 14:32:11,0
546,,0027018313,朱伟臻,6987,SZST-ZQBJ20240424-0166,北京国交信通科技发展有限公司人力框架,2025-06-16,1345480,1345480,0027006449,2025-12-12 09:25:01,0027006449,2026-01-21 14:32:11,0
547,,0027014711,李当然,6979,SZST-ZQBJ20250422-0001,中国钢研投资管理信息系统接口开发与实施服务合同,2025-07-11,2700,54000,0027006449,2025-12-12 09:25:01,0027006449,2026-01-21 14:32:11,0
548,,0027031475,李浩,6987,SZST-ZQGZ20250922-0001,云业务营销部-浙江-传音AI艺术馆和影像生成项目,2025-11-19,571425,571425,0027006449,2025-12-12 09:25:01,0027006449,2026-01-21 14:32:11,0
549,,0027014711,李当然,6979,SZST-ZQBJ20250605-0001,国投云网 2025-2028 年度人工智能人力资源供应商库选聘项目,2025-07-15,0,0,0027006449,2025-12-12 09:25:01,0027006449,2026-01-21 14:32:11,0
550,,0027027424,王阳,6979,SZNT-ZQHZ20251016-0012,阿里灰盒-PR8811765654-RFQ88474921-202506009934-首信政务云平台2025年建设项目—云平台软件入围-首信信创政务云平台新建分包,2025-11-28,318000,318000,0027006449,2025-12-12 09:25:01,0027006449,2026-01-21 14:32:11,0
551,,0027028877,崔爽,7100,SZST-ZQWH20250811-0001,中电云计算技术有限公司-人力外采服务项目框架合作-人力框架,2025-09-30,0,0,0027006449,2025-12-12 09:25:01,0027006449,2026-01-21 14:32:11,0
552,,0027011799,杜成鹏,6978,SZNT-ZQHZ20251016-0018,阿里灰盒-PR8811777331-RFQ88475378-202101013475-安庆市医疗信息保障平台-30人天的副厂项目经理现场-交付服务分包5,2025-11-11,47500,47500,0027006449,2025-12-12 09:25:01,0027006449,2026-01-21 14:32:11,0
553,,0027012449,顾锬,6985,SZST-ZQCQ20250701-0001,营销八部-重庆城投-城投数据中台项目,2025-06-30,1407999,1407999,0027006449,2025-12-12 09:25:01,0027006449,2026-01-21 14:32:11,0
554,,0027030534,王磊,6983,SZST-ZQHZ20250804-0009,云营销-营销五部-羚羊-住友橡胶AI客服大模型,2025-09-18,200000,200000,0027006449,2025-12-12 09:25:01,0027006449,2026-01-21 14:32:11,0
555,,0027012034,杨志江,6986,SZST-ZQHH20241218-0001,内蒙电力2024年营销三期扩容项目,2025-01-20,0,0,0027006449,2025-12-12 09:25:01,0027006449,2026-01-21 14:32:11,0
556,,0027020503,任志媛,6987,SZNT-ZQHZ20220215-0266,阿里交付-2021年宜昌城市大脑数字底座项目,2025-11-25,36795.66,36795.66,0027006449,2025-12-12 09:25:01,0027006449,2026-01-21 14:32:11,0
557,,0027020503,任志媛,6987,SZNT-ZQHZ20250612-0004,阿里黑盒-云营销-云业务营销四部-SMB-宁波AI安全评价书商机项目,2025-10-31,240000,240000,0027006449,2025-12-12 09:25:01,0027006449,2026-01-21 14:32:11,0
558,,0027005061,张正东,7100,SZST-ZQWH20241212-0167,中电云-2024-郑州政务专属云采购项目,2025-06-30,197586.96,197586.96,0027006449,2025-12-12 09:25:01,0027006449,2026-01-21 14:32:11,0
559,,0027019862,王洪运,7473,SZST-ZQHZ20200819-0540,郑州市城市大脑-应急定开服务项目,2025-06-16,-5209.67,-5209.67,0027006449,2025-12-12 09:25:01,0027006449,2026-01-21 14:32:11,0
560,,0027012449,顾锬,6985,SZNT-ZQHZ20250612-0008,阿里黑盒-PR8811686229-RFQ88464901-重百大数据迁移数据迁移工作,2025-09-19,39700,39700,0027006449,2025-12-12 09:25:01,0027006449,2026-01-21 14:32:11,0
561,,0027012645,汤菊豪,6983,SZNT-ZQHZ20250523-09124,阿里ASP-云研发架构部武汉PO8822889203分包项目软件服务订单,2025-07-31,100797.31,100797.31,0027006449,2025-12-12 09:25:01,0027006449,2026-01-21 14:32:11,0
562,,0027012449,顾锬,6985,SZNT-ZQHZ20250612-0009,阿里黑盒-PR8811686231-RFQ88464857-完成重百大数据任务迁移,2025-06-30,235000,235000,0027006449,2025-12-12 09:25:01,0027006449,2026-01-21 14:32:11,0
563,,0027019336,杨亭亭,6980,SZST-ZQZZ20250401-0001,浩鲸科技河南大区-郑州市民卡优惠券和生活缴费系统运维合同,2025-05-30,80000,80000,0027006449,2025-12-12 09:25:01,0027006449,2026-01-21 14:32:11,0
564,,0027000157,胡永春,7473,SZST-ZQSJ20141224-0188,河北省南水北调配套工程自动化系统应用支撑平台及系统总集成项目合同,2025-11-10,48000,48000,0027006449,2025-12-12 09:25:01,0027006449,2026-01-21 14:32:11,0
565,,0027006541,宋俊,7471,SZST-ZQNC20250523-0001,省交通运输厅深化安可替代国产芯片“国货国用”项目（应用系统适配改造）江西省智慧交通数据中心平台,2025-06-27,5428100,5808100,0027006449,2025-12-12 09:25:01,0027006449,2026-01-21 14:32:11,0
566,,0027019862,王洪运,7473,SZST-ZQZZ20200728-0140,郑州市交警支队交通大脑项目,2025-06-30,-572847.18,-572847.18,0027006449,2025-12-12 09:25:01,0027006449,2026-01-21 14:32:11,0
567,,0027000851,黄勇,7474,SZST-ZQCS20251029-0001,云业务营销十二部-长沙市tocc平台对接省级数据技术服务项目,2025-11-11,138000,138000,0027006449,2025-12-12 09:25:01,0027006449,2026-01-21 14:32:11,0
568,,0027026209,陈子维,6988,SZNT-ZQJN20250312-0001,市场监管数字化改革工作一期项目增补,2025-03-28,218000,218000,0027006449,2025-12-12 09:25:01,0027006449,2026-01-21 14:32:11,0
569,,0027000851,黄勇,7474,SZST-ZQCS20251120-0001,云营销-营销十二部-长沙市马栏山迁移项目,2025-12-04,47800,47800,0027006449,2025-12-12 09:25:01,0027006449,2026-01-21 14:32:11,0
570,,0027030756,侯剑新,6984,SZST-ZQGZ20251105-0001,云业务营销九部+顺德职业技术大学合同系统数据集成、系统优化及运维服务,2025-11-17,92200,92200,0027006449,2025-12-12 09:25:01,0027006449,2026-01-21 14:32:11,0
571,,0027012034,杨志江,6986,SZNT-ZQHZ20250908-0019,阿里灰盒-PR8811708272-RFQ88470340-202501009303-西安市信创云服务项目,2025-09-30,840000,990000,0027006449,2025-12-12 09:25:01,0027006449,2026-01-21 14:32:11,0
572,,0027030557,何小凤,6987,SZNT-ZQHZ20250710-0004,阿里灰盒-PR8811697530-RFQ88467949-202504020528-杭州市公安局交警云平台改造（软件部分）-云平台交付一方分包,2025-08-30,128000,128000,0027006449,2025-12-12 09:25:01,0027006449,2026-01-21 14:32:11,0
573,,0027027424,王阳,6979,SZNT-ZQBJ20250702-0001,阿里灰盒-国家税务总局2023年云平台运行维护及优化完善项目-第三方分包,2025-09-23,1720000,1720000,0027006449,2025-12-12 09:25:01,0027006449,2026-01-21 14:32:11,0
574,,0027020503,任志媛,6987,SZNT-ZQHZ20250710-0005,阿里黑盒-PR8811699372-RFQ88468462-202409014710-FY26上烟集团云平台软件采购项目-AOP交付实施人,2025-09-02,320000,320000,0027006449,2025-12-12 09:25:01,0027006449,2026-01-21 14:32:11,0
575,,0027026209,陈子维,6988,SZST-ZQHZ20251010-0003,云营销-营销三部-2025年青岛智慧公安业务应用&业务数据服务增补,2025-11-17,715000,805000,0027006449,2025-12-12 09:25:01,0027006449,2026-01-21 14:32:11,0
576,,0027014711,李当然,6979,SZST-ZQBJ20250721-0001,云业务营销二部-北京市亦庄双足人形机器人讲解和引导服务采购项目,2025-08-08,411500,596500,0027006449,2025-12-12 09:25:01,0027006449,2026-01-21 14:32:11,0
577,,0027020503,任志媛,6987,SZST-ZQHZ20250814-0004,浩鲸科技-2025年-消息平台CPaaS-多媒体消息项目（FY26）,2025-10-31,1793500,1793500,0027006449,2025-12-12 09:25:01,0027006449,2026-01-21 14:32:11,0
578,,0027012645,汤菊豪,6983,SZNT-ZQHZ20250925-05124,阿里ASP-云研发架构部南京PO8822942714分包项目软件服务订单,2025-10-02,41619.48,41619.48,0027006449,2025-12-12 09:25:01,0027006449,2026-01-21 14:32:11,0
579,,0027011799,杜成鹏,6978,SZNT-ZQHZ20250609-0005,阿里灰盒-PR8811689351-RFQ88465690-202305031764-苏州园区苏州中心数字孪生-苏州园区金鸡湖数字孪生PM,2025-06-27,47500,47500,0027006449,2025-12-12 09:25:01,0027006449,2026-01-21 14:32:11,0
580,,0027011799,杜成鹏,6978,SZNT-ZQHZ20250609-0004,阿里灰盒-PR8811688280-RFQ88465637-202101013475-安庆市医疗信息保障平台-30人天的副厂项目经理现场-交付服务分包,2025-06-27,47500,47500,0027006449,2025-12-12 09:25:01,0027006449,2026-01-21 14:32:11,0
581,,0027014711,李当然,6979,SZST-ZQBJ20250708-0001,云业务营销二部-中航建设集团科技公司信息化服务平台项目,2025-08-08,300000,300000,0027006449,2025-12-12 09:25:01,0027006449,2026-01-21 14:32:11,0
582,,0027012645,汤菊豪,6983,SZNT-ZQHZ20251119-13124,阿里ASP-云研发架构部杭州PO8822957004分包项目软件服务订单,2025-12-03,23152.61,23152.61,0027006449,2025-12-12 09:25:01,0027006449,2026-01-21 14:32:11,0
583,,0027029748,颜佩,6984,SZST-ZQGZ20250311-0004,云业务营销部-营销九部-广东深圳周大福SaleAPP企业礼品管理界面定制开发项目一期,2025-06-13,220138,220138,0027006449,2025-12-12 09:25:01,0027006449,2026-01-21 14:32:11,0
584,,0027029748,颜佩,6984,SZST-ZQGZ20250311-0001,云业务营销部-营销九部-广东深圳周大福SaleAPP企业礼品管理界面定制开发项目二期,2025-06-20,150805,150805,0027006449,2025-12-12 09:25:01,0027006449,2026-01-21 14:32:11,0
585,,0027020773,苗海燕,6983,SZNT-ZQHZ20250423-0009,阿里黑盒-上海市市场监管数字化试验区建设二期项目,2025-06-27,730000,730000,0027006449,2025-12-12 09:25:01,0027006449,2026-01-21 14:32:11,0
586,,0027020503,任志媛,6987,SZNT-ZQHZ20250919-0007,阿里灰盒-国资委下属企业AI大模型场景及数据中心建设项目,2025-10-31,484000,484000,0027006449,2025-12-12 09:25:01,0027006449,2026-01-21 14:32:11,0
587,,0027020503,任志媛,6987,SZNT-ZQHZ20250609-02117,阿里交付-2025年云业务营销四部-PO8822910863-NRE周易2.0项目(25-26),2025-09-12,71752.23,71752.23,0027006449,2025-12-12 09:25:01,0027006449,2026-01-21 14:32:11,0
588,,0027030756,侯剑新,6984,SZST-ZQGZ20241207-0001,广东轻工职业技术大学智能知识服务平台项目软件技术开发服务合同,2025-01-03,92000,92000,0027006449,2025-12-12 09:25:01,0027006449,2026-01-21 14:32:11,0
589,,0027001572,田志勇,6984,SAMS-ZQMO20250624-0001,阿里黑盒-澳门商社通增补（190人天）项目,2025-07-31,349829.056,349829.056,0027006449,2025-12-12 09:25:01,0027006449,2026-01-21 14:32:11,0
590,,0027001572,田志勇,6984,SZNT-ZQHZ20231205-0466,阿里灰盒-PR11392420-2202308000024-智慧政務-新增功能及開發服務-2202308000024 深化電子政務服務應用及平台 私文書配合改造,2025-04-18,-15427.82,-15427.82,0027006449,2025-12-12 09:25:01,0027006449,2026-01-21 14:32:11,0
591,,0027012449,顾锬,6985,SZST-ZQGY20250428-0001,营销八部-贵州茅台-贵州茅台i茅台运维开发项目,2025-06-30,0,0,0027006449,2025-12-12 09:25:01,0027006449,2026-01-21 14:32:11,0
592,,0027018313,朱伟臻,6987,SZST-ZQBJ20250923-0001,营销四部-浙江-海事局FY25年4月-26年3月运维项目,2025-09-30,2683000,2980000,0027006449,2025-12-12 09:25:01,0027006449,2026-01-21 14:32:11,0
593,,0027005061,张正东,7100,SZST-ZQWH20251011-01124,浩鲸科技-2025年阿里云服务支撑部-云业务营销部-人力-德州政务云,2025-10-27,21346.14,21346.14,0027006449,2025-12-12 09:25:01,0027006449,2026-01-21 14:32:11,0
594,,0027030881,张宏伟,6979,SZST-ZQBJ20250826-0001,云业务营销二部-中国环境监测总站数据生产系统项目（新）,2025-09-30,2600000,2600000,0027006449,2025-12-12 09:25:01,0027006449,2026-01-21 14:32:11,0
595,,0027031389,刘明,6985,SHJZ-ZQCD20251009-0001,云营销-营销八部-商飞软件+AI+专业人力需求资源采购项目(框架协议),2025-11-03,0,,0027006449,2025-12-12 09:25:01,0027006449,2026-01-21 14:32:11,0
596,,0027028877,崔爽,7100,SZST-ZQHF20250902-0002,浩鲸科技-2025年云智能业务经营中心 -云业务营销部 -项目-蔚来汽车工厂园区智慧餐饮项目（2）,2025-09-18,74000,206000,0027006449,2025-12-12 09:25:01,0027006449,2026-01-21 14:32:11,0
597,,0027005061,张正东,7100,SZST-ZQBJ20240603-0167,浩鲸科技-2024年云基础事业部 -行业营销一部 -人力-电子云-北京安可云网络安全运维项目,2025-04-30,241198.67,241198.67,0027006449,2025-12-12 09:25:01,0027006449,2026-01-21 14:32:11,0
598,,0027030756,侯剑新,6984,SZNT-ZQHZ20250221-0001,阿里公有云-PR8811660295-RFQ88458397-安利数据资产检索大模型项目服务资源支持,2025-03-28,116000,116000,0027006449,2025-12-12 09:25:01,0027006449,2026-01-21 14:32:11,0
599,,0027012034,杨志江,6986,SZST-ZQHH20250425-0001,云智能营销七部内蒙电力2025年人力一期项目,2025-05-30,836334,836334,0027006449,2025-12-12 09:25:01,0027006449,2026-01-21 14:32:11,0
600,,0027001572,田志勇,6984,SZST-ZQGZ20250113-0001,2025年珠海数据资源管理平台运维项目,2025-01-24,750000,750000,0027006449,2025-12-12 09:25:01,0027006449,2026-01-21 14:32:11,0
601,,0027014711,李当然,6979,SZST-ZQBJ20250410-0001,中盐集团投资与资产处置项目管理信息系统 国产化适配技术服务合同,2025-06-13,7500,150000,0027006449,2025-12-12 09:25:01,0027006449,2026-01-21 14:32:11,0
602,,0027015006,潘勇杰,6984,SZST-ZQGZ20250626-0001,云营销-营销九部-深圳市玉禾田（晓润科技）大模型项目框架合同,2025-07-15,0,0,0027006449,2025-12-12 09:25:01,0027006449,2026-01-21 14:32:11,0
603,,0027030557,何小凤,6987,SZST-ZQHZ20250421-0009,浩鲸科技-2024年-中铁物流数据工厂项目(四部),2025-07-25,320000,320000,0027006449,2025-12-12 09:25:01,0027006449,2026-01-21 14:32:11,0
604,,0027012034,杨志江,6986,SZNT-ZQHZ20251020-09124,阿里ASP-云研发架构部西安PO8822947332分包项目软件服务订单,2025-12-02,13970.61,13970.61,0027006449,2025-12-12 09:25:01,0027006449,2026-01-21 14:32:11,0
605,,0027011999,耿强,6988,SZNT-ZQHZ20251016-06124,阿里ASP-综合项目部扬州PO8822940062分包项目软件服务订单,2025-12-02,25898.06,25898.06,0027006449,2025-12-12 09:25:01,0027006449,2026-01-21 14:32:11,0
606,,0027005061,张正东,7100,SZST-ZQWH20251029-01124,浩鲸科技-2025年阿里云服务支撑部-云业务营销部-人力-湖北低空,2025-11-18,27979.44,27979.44,0027006449,2025-12-12 09:25:01,0027006449,2026-01-21 14:32:11,0
607,,0027020503,任志媛,6987,SZNT-ZQHZ20250717-0003,阿里灰盒-PR8811702106-RFQ88469195-202305022186-浙江算力中心项目-浙江算力中心项目+申威平台适配开发测试二阶段(25-26),2025-09-26,4630000,4630000,0027006449,2025-12-12 09:25:01,0027006449,2026-01-21 14:32:11,0
608,,0027010968,李强,6979,SZST-ZQBJ20251110-0001,云业务营销部二部-商星集团数据咨询服务,2025-11-25,258800,258800,0027006449,2025-12-12 09:25:01,0027006449,2026-01-21 14:32:11,0
609,,0027014711,李当然,6979,SZST-ZQBJ20251105-0001,云业务营销二部-中国国土勘测规划院公有云资源租赁采购项目,2025-11-14,98340,718340,0027006449,2025-12-12 09:25:01,0027006449,2026-01-21 14:32:11,0
610,,0027012449,顾锬,6985,SZST-ZQCQ20250421-0001,营销八部-城投金卡-愉悦行项目软件开发人力项目,2025-06-30,0,864000,0027006449,2025-12-12 09:25:01,0027006449,2026-01-21 14:32:11,0
611,,0027030937,张月影,6984,SZNT-ZQHZ20250818-0015,阿里公有云-FY250385-PR8811712297-RFQ88470999-bingx大数据上云项目,2025-09-30,153500,153500,0027006449,2025-12-12 09:25:01,0027006449,2026-01-21 14:32:11,0
612,,0027027424,王阳,6979,SZNT-ZQHZ20250103-0004,阿里灰盒-PR8811653899-RFQ88455670-202305017643-2023年云平台运行维护及优化完善项目-第三方分包,2025-03-21,965000,965000,0027006449,2025-12-12 09:25:01,0027006449,2026-01-21 14:32:11,0
613,,0027005061,张正东,7100,SZST-ZQWH20250929-01124,浩鲸科技-2025年阿里云服务支撑部-云业务营销部-人力-泸州数据治理,2025-10-27,8660.87,8660.87,0027006449,2025-12-12 09:25:01,0027006449,2026-01-21 14:32:11,0
614,,0027020503,任志媛,6987,SSIT-ZQHZ20250616-0001,浩鲸科技-云业务营销四部-阿里云国际语音系统产品定制开发项目,2025-09-03,1887247.78,1887247.78,0027006449,2025-12-12 09:25:01,0027006449,2026-01-21 14:32:11,0
615,,0027005061,张正东,7100,SZST-ZQWH20251030-01124,浩鲸科技-2025年阿里云服务支撑部-云业务营销部-人力-数字cec,2025-11-18,49597.96,49597.96,0027006449,2025-12-12 09:25:01,0027006449,2026-01-21 14:32:11,0
616,,0027000851,黄勇,7474,SZST-ZQCS20250901-0001,云业务营销十二部-湖南省交通运输12328电话管理系统（2025-2026年度）运维服务,2025-09-30,108822,108822,0027006449,2025-12-12 09:25:01,0027006449,2026-01-21 14:32:11,0
617,,0027028877,崔爽,7100,SZST-ZQWH20241211-0001,浩鲸科技-2024年云基础事业部 -行业营销一部 -人力-电子云新疆银行运维人员人力服务项目,2025-04-30,252120.56,252120.56,0027006449,2025-12-12 09:25:01,0027006449,2026-01-21 14:32:11,0
618,,0027014711,李当然,6979,SZNT-ZQHZ20250818-0012,阿里灰盒--PR8811718305-RFQ88471199-202410031374-2024年云平台运行维护及优化完善项目-算法人员,2025-09-15,890000,890000,0027006449,2025-12-12 09:25:01,0027006449,2026-01-21 14:32:11,0
619,,0027030756,侯剑新,6984,SZST-ZQGZ20250529-0001,云营销-营销九部-广东行政职业学院银校通,2025-06-27,1521300,1593300,0027006449,2025-12-12 09:25:01,0027006449,2026-01-21 14:32:11,0
620,,0027001572,田志勇,6984,SAMS-ZQMO20250321-0001,阿里黑盒2024-澳门商社通定制包第九批项目,2025-04-25,379649.6,379649.6,0027006449,2025-12-12 09:25:01,0027006449,2026-01-21 14:32:11,0
621,,0027029790,张恋,6978,SZNT-ZQHZ20250903-0013,阿里黑盒-PR8811727801-满帮迁移,2025-11-01,114000,114000,0027006449,2025-12-12 09:25:01,0027006449,2026-01-21 14:32:11,0
622,,0027006281,马鹏军,6979,SZNT-ZQHZ20250822-17124,阿里ASP-公共云杭州PO8822927382分包项目软件服务订单,2025-10-02,61852.9,61852.9,0027006449,2025-12-12 09:25:01,0027006449,2026-01-21 14:32:11,0
623,,0027010968,李强,6979,SZNT-ZQHZ20250122-03124,阿里ASP-专有云北京PO8822876548分包项目软件服务订单,2025-09-04,24287.61,24287.61,0027006449,2025-12-12 09:25:01,0027006449,2026-01-21 14:32:11,0
624,,0027012156,姜斌,6978,SZST-ZQNJ20251022-0001,云业务营销一部-江苏-博西电器BI项目,2025-12-04,88000,88000,0027006449,2025-12-12 09:25:01,0027006449,2026-01-21 14:32:11,0
625,,0027028877,崔爽,7100,SZNT-ZQHF20241014-0167,浩鲸科技-2024年云基础事业部 -行业营销一部 -项目-蔚来汽车工厂园区智慧餐饮项目。,2025-02-28,-200200,-687800,0027006449,2025-12-12 09:25:01,0027006449,2026-01-21 14:32:11,0
626,,0027027424,王阳,6979,SZNT-ZQBJ20251023-0001,阿里黑盒-PR8811777991-RFQ88475413-202504007966-国能党校在线学习平台二期-AI搜-国能党校AI搜技术管理-一期,2025-12-04,48000,48000,0027006449,2025-12-12 09:25:01,0027006449,2026-01-21 14:32:11,0
627,,2027001452,胡佩妮,6983,SZNT-ZQSH20251010-0001,阿里公有云-PR8811749091-RFQ88474126-益海嘉里大模型服务项目,2025-10-31,116300,116300,0027006449,2025-12-12 09:25:01,0027006449,2026-01-21 14:32:11,0
628,,0027001661,陈伟,6985,SZNT-ZQHZ20250916-08124,阿里ASP-综合项目部西安PO8822925238分包项目软件服务订单,2025-10-02,19421.19,19421.19,0027006449,2025-12-12 09:25:01,0027006449,2026-01-21 14:32:11,0
629,,0027012645,汤菊豪,6983,SZNT-ZQHZ20240604-0173,阿里交付-2024年PO22705538bp MI devops CY2024-bp mi leanops + data engineer,2025-02-14,99160.66,99160.66,0027006449,2025-12-12 09:25:01,0027006449,2026-01-21 14:32:11,0
630,,0027015006,潘勇杰,6984,SZST-ZQGZ20250901-0001,云营销-营销九部-广东财贸学院数据中台项目,2025-09-30,1965000,2000000,0027006449,2025-12-12 09:25:01,0027006449,2026-01-21 14:32:11,0
631,,0027028877,崔爽,7100,SZST-ZQWH20250221-0001,浩鲸科技-2025年云智能业务经营中心 -云业务营销部 -人力-温州信创人力外包项目,2025-04-30,541152.59,541152.59,0027006449,2025-12-12 09:25:01,0027006449,2026-01-21 14:32:11,0
632,,0027012156,姜斌,6978,SZST-ZQNJ20250520-0001,浩鲸科技-2025年-云业务营销一部-江苏-软件谷2025年运维,2025-06-20,459500,459500,0027006449,2025-12-12 09:25:01,0027006449,2026-01-21 14:32:11,0
633,,0027018313,朱伟臻,6987,SZST-ZQSH20250918-0001,云营销-营销四部-锦江国际FY25年人力项目,2025-09-30,1237553,1237553,0027006449,2025-12-12 09:25:01,0027006449,2026-01-21 14:32:11,0
634,,0027025518,周容先,6984,SZNT-ZQGZ20250624-0001,阿里黑盒-PR8811696144-RFQ88467535-202006006873-湛江幼专智慧校园建设-湛江幼专智慧校园运维及系统优化服务,2025-07-31,216000,400000,0027006449,2025-12-12 09:25:01,0027006449,2026-01-21 14:32:11,0
635,,0027005061,张正东,7100,SZST-ZQNJ20240806-0167,浩鲸科技-2024年云基础事业部 -行业营销一部 -人力-水科院-中国水科院研发人力外包,2025-05-30,184403.68,184403.68,0027006449,2025-12-12 09:25:01,0027006449,2026-01-21 14:32:11,0
636,,0027030557,何小凤,6987,SZNT-ZQHZ20251106-0002,PR8811713081-RFQ88472423-太古可乐Databricks 供应链迁移项目,2025-11-28,77500,77500,0027006449,2025-12-12 09:25:01,0027006449,2026-01-21 14:32:11,0
637,,0027020503,任志媛,6987,SZNT-ZQHZ20250928-0029,阿里灰盒-PR8811763995-RFQ88474887-202503000671-2025年新型算力中心三期项目-part1（大部分内容）-运维运营,2025-11-28,2400000,2400000,0027006449,2025-12-12 09:25:01,0027006449,2026-01-21 14:32:11,0
638,,0027000157,胡永春,7473,SZST-ZQHK20220616-0194,智慧洋浦（一期）项目-信息化部分软件开发服务合同,2025-06-30,0,-2400000,0027006449,2025-12-12 09:25:01,0027006449,2026-01-21 14:32:11,0
639,,0027010786,张宏骏,6985,SZST-ZQHZ20191109-0125,阿里云西藏自治区拉萨市数字维护项目（一期）合同,2025-03-28,-214875,-214875,0027006449,2025-12-12 09:25:01,0027006449,2026-01-21 14:32:11,0
640,,0027030557,何小凤,6987,SZNT-ZQHZ20251106-0001,阿里黑盒-PR8811736203-RFQ88472877-联想懂得大数据迁移-,2025-11-28,18000,18000,0027006449,2025-12-12 09:25:01,0027006449,2026-01-21 14:32:11,0
641,,0027012034,杨志江,6986,SZST-ZQTY20250627-0001,云营销-营销七部-山西省政务一体化提升项PO3,2025-06-30,2645000,2645000,0027006449,2025-12-12 09:25:01,0027006449,2026-01-21 14:32:11,0
642,,0027012449,顾锬,6985,SZST-ZQCQ20250327-0001,营销八部-城投金卡-支付中台与银联对接改造项目,2025-04-18,150000,280000,0027006449,2025-12-12 09:25:01,0027006449,2026-01-21 14:32:11,0
643,,0027006281,马鹏军,6979,SZST-ZQBJ20250317-0002,国投资产信息化系统升级改造,2025-05-23,42000,840000,0027006449,2025-12-12 09:25:01,0027006449,2026-01-21 14:32:11,0
644,,0027019862,王洪运,7473,SZST-ZQZZ20250626-0001,云业务营销部-营销十三部 中原高速数据挖掘分析及可视化平台,2025-06-30,450000,450000,0027006449,2025-12-12 09:25:01,0027006449,2026-01-21 14:32:11,0
645,,0027029790,张恋,6978,SZST-ZQNJ20250613-0001,云业务营销部-营销一部-2025年-云业务营销一部-江苏省数据集团2025年度数据治理人力服务（城市治理领域第一期）项目,2025-07-01,95718,95718,0027006449,2025-12-12 09:25:01,0027006449,2026-01-21 14:32:11,0
646,,0027030881,张宏伟,6979,SZNT-ZQBJ20251104-0002,云业务营销二部-中电科总部数据治理人力支持,2025-11-17,45900,45900,0027006449,2025-12-12 09:25:01,0027006449,2026-01-21 14:32:11,0
647,,0027012156,姜斌,6978,SZST-ZQHF20250324-0002,浩鲸科技-2025年-云业务营销一部-江苏-三只松鼠人力服务框架,2025-04-18,0,0,0027006449,2025-12-12 09:25:01,0027006449,2026-01-21 14:32:11,0
648,,0027006281,马鹏军,6979,SZST-ZQBJ20251029-0001,云业务营销二部-中国国新投资项目管理系统升级改造项目,2025-11-24,5000,100000,0027006449,2025-12-12 09:25:01,0027006449,2026-01-21 14:32:11,0
649,,0027012645,汤菊豪,6983,SZNT-ZQHZ20250226-15124,阿里ASP-云研发架构上海PO8822881808分包项目软件服务订单,2025-03-31,34362.72,34362.72,0027006449,2025-12-12 09:25:01,0027006449,2026-01-21 14:32:11,0
650,,0027032276,Alicia Tan,7472,SZST-DTGZ20241206-0001,广东铃鹿云-浩鲸科技-软件人力外包服务框架协议,2025-02-28,0,0,0027006449,2025-12-12 09:25:01,0027006449,2026-01-21 14:32:11,0
651,,0027026209,陈子维,6988,SZST-ZQJN20241219-0001,山东招金金银精炼有限公司主数据建设项目,2025-01-20,600000,920000,0027006449,2025-12-12 09:25:01,0027006449,2026-01-21 14:32:11,0
652,,0027012645,汤菊豪,6983,SZNT-ZQHZ20250423-05124,阿里ASP-云研发架构部长沙PO8822892287分包项目软件服务订单,2025-03-31,114597.6,114597.6,0027006449,2025-12-12 09:25:01,0027006449,2026-01-21 14:32:11,0
653,,0027019336,杨亭亭,6980,SZST-ZQSH20250721-0001,云营销-营销六部-黄河委员会数字孪生平台子项目-数据开发和可视化大屏,2025-08-25,930000,930000,0027006449,2025-12-12 09:25:01,0027006449,2026-01-21 14:32:11,0
654,,0027027424,王阳,6979,SZNT-ZQHZ20241231-0003,阿里灰盒-PR8811651906-RFQ88454944-202305017643-算法服务-一方交付物分包-国家税务总局2023年云平台运行维护及优化完善项目,2025-03-28,480000,480000,0027006449,2025-12-12 09:25:01,0027006449,2026-01-21 14:32:11,0
655,,0027028877,崔爽,7100,SHJZ-ZQHF20250220-0001,浩鲸科技-2025年云智能业务经营中心 -云业务营销部 -项目-蔚来汽车工厂园区智慧餐饮项目（1）,2025-03-30,126199.97,491799.97,0027006449,2025-12-12 09:25:01,0027006449,2026-01-21 14:32:11,0
656,,0027026216,田刚,6978,SZNT-ZQHZ20250317-0014,阿里黑盒-PR8811664882-RFQ88460244-202308012875-常州市城运中心二期研判中心项目,2025-03-28,980000,980000,0027006449,2025-12-12 09:25:01,0027006449,2026-01-21 14:32:11,0
657,,0027019657,余慧刚,6987,SZNT-ZQHZ20250317-0011,阿里黑盒-VPR88100147260-RFQ88459128-【采购前置】研发外包需求采购-2005,2025-05-09,5700000,5700000,0027006449,2025-12-12 09:25:01,0027006449,2026-01-21 14:32:11,0
658,,0027000157,胡永春,7473,SZST-ZQBJ20201016-0140,中华人民共和国应急管理部一张图项目,2025-06-30,-2555801,-2555801,0027006449,2025-12-12 09:25:01,0027006449,2026-01-21 14:32:11,0
659,,0027001572,田志勇,6984,SZNT-ZQHZ20250908-10124,阿里ASP-云研发架构部佛山PO8822938821分包项目软件服务订单,2025-12-03,18697.86,18697.86,0027006449,2025-12-12 09:25:01,0027006449,2026-01-21 14:32:11,0
660,,2027001448,王晶,6987,SZNT-ZQHZ20250415-0001,阿里灰盒-PR8811673125-RFQ88462321-202405057049+KS02项目+IDC系统定开服务采购,2025-05-09,770000,770000,0027006449,2025-12-12 09:25:01,0027006449,2026-01-21 14:32:11,0
661,,0027025518,周容先,6984,SZST-ZQGZ20250415-0001,合作区政务云纳管服务采购项目-门户接口和纳管接口、云运营平台改造,2025-05-09,582000,825000,0027006449,2025-12-12 09:25:01,0027006449,2026-01-21 14:32:11,0
662,,0027029940,章钱满,6978,SZST-ZQGZ20250415-0002,云营销-营销一部-广东羚鹿人力po,2025-05-16,160237.56,160237.56,0027006449,2025-12-12 09:25:01,0027006449,2026-01-21 14:32:11,0
663,,0027032276,Alicia Tan,7472,SZNT-ZQHZ20250520-0012,阿里灰盒-FY250235-PR8811685040-RFQ88464615-202112022841-吉林省医保云平台二期-吉林医保二期-云平台扩容分包,2025-06-09,209000,209000,0027006449,2025-12-12 09:25:01,0027006449,2026-01-21 14:32:11,0
664,,0027020503,任志媛,6987,SZNT-ZQHZ20250714-0003,阿里灰盒-PR8811700669-RFQ88468804-202503010929-FY26-申通-sunfire混合云续签(25-26),2025-09-30,620000,620000,0027006449,2025-12-12 09:25:01,0027006449,2026-01-21 14:32:11,0
665,,0027012034,杨志江,6986,SZST-ZQHH20250430-0001,内蒙古电力集团蒙电信息通信产业有限责任公司 2025 年服务 框架采购,2025-07-03,0,,0027006449,2025-12-12 09:25:01,0027006449,2026-01-21 14:32:11,0
666,,0027029748,颜佩,6984,SZST-ZQGZ20250415-0003,云业务营销部-营销九部 深圳数字资产管理系统项目软件开发服务(CDOS)项目增补,2025-05-30,2300000,2300000,0027006449,2025-12-12 09:25:01,0027006449,2026-01-21 14:32:11,0
667,,0027012645,汤菊豪,6983,SZNT-ZQSH20250310-01124,阿里ASP-综合项目部广州PO8822884910分包项目软件服务订单,2025-03-31,53575.2,53575.2,0027006449,2025-12-12 09:25:01,0027006449,2026-01-21 14:32:11,0
668,,0027014711,李当然,6979,SZST-ZQBJ20240618-01117,中国移动政企分公司 2024-2025年云WiFi运营支撑服务项目,2025-02-14,353693.98,1151693.98,0027006449,2025-12-12 09:25:01,0027006449,2026-01-21 14:32:11,0
669,,0027011799,杜成鹏,6978,SZST-ZQHF20250218-0001,营销一部-2024江苏开放大学“月明在线”教学教务平台运维服务项目,2025-02-28,1840000,1840000,0027006449,2025-12-12 09:25:01,0027006449,2026-01-21 14:32:11,0
670,,0027011799,杜成鹏,6978,SZNT-ZQHZ20251029-0004,阿里灰盒-PR8811788421-RFQ88476098-202305031764-苏州园区苏州中心数字孪生-苏州园区金鸡湖数字孪生PM,2025-11-04,32000,32000,0027006449,2025-12-12 09:25:01,0027006449,2026-01-21 14:32:11,0
671,,0027020773,苗海燕,6983,SZNT-ZQHZ20250212-0005,阿里黑盒-PR8811658394-RFQ88457535-百威TST物流计划大模型项目,2025-04-11,460000,460000,0027006449,2025-12-12 09:25:01,0027006449,2026-01-21 14:32:11,0
672,,0027005061,张正东,7100,SZST-ZQWH20250411-0001,电子云服务框架-产品交付外包服务合作年度框架合同-（2025续签）,2025-06-19,0,0,0027006449,2025-12-12 09:25:01,0027006449,2026-01-21 14:32:11,0
673,,0027005061,张正东,7100,SZST-ZQWH20241224-0167,浩鲸科技-2024年云基础事业部-行业营销一部-项目-郑州市政务专属云-平台对接定开服务项目,2025-06-30,212100,212100,0027006449,2025-12-12 09:25:01,0027006449,2026-01-21 14:32:11,0
674,,0027012645,汤菊豪,6983,SZNT-ZQHZ20251024-20124,阿里ASP-云研发架构部杭州PO8822940836分包项目软件服务订单,2025-12-02,39734.7,39734.7,0027006449,2025-12-12 09:25:01,0027006449,2026-01-21 14:32:11,0
675,,0027030756,侯剑新,6984,SZNT-ZQGZ20250811-0001,云营销-营销九部-香港科技大学（广州）软件系统服务采购项目（人力服务项目）,2025-11-05,63900,63900,0027006449,2025-12-12 09:25:01,0027006449,2026-01-21 14:32:11,0
676,,0027011799,杜成鹏,6978,SZNT-ZQHZ20250212-0002,阿里灰盒-FY250059-PR8811659314-RFQ88457815-202305031764-苏州园区苏州中心数字孪生-苏州园区金鸡湖数字孪生PM,2025-03-28,47500,47500,0027006449,2025-12-12 09:25:01,0027006449,2026-01-21 14:32:11,0
677,,0027012034,杨志江,6986,SZST-ZQWL20241210-0001,新疆医保局阿里云扩容项目,2025-02-05,500000,7000000,0027006449,2025-12-12 09:25:01,0027006449,2026-01-21 14:32:11,0
678,,0027025518,周容先,6984,SZST-ZQGZ20230318-0166,珠海横琴BIM POC项目,2025-08-29,-102000,-102000,0027006449,2025-12-12 09:25:01,0027006449,2026-01-21 14:32:11,0
679,,0027006541,宋俊,7471,SZST-ZQNJ20190430-0388,南通大数据平台合同,2025-10-23,-20810.34,-20810.34,0027006449,2025-12-12 09:25:01,0027006449,2026-01-21 14:32:11,0
680,,0027012645,汤菊豪,6983,SZNT-ZQHZ20250306-11124,阿里ASP-云研发架构部上海PO8822885533分包项目软件服务订单,2025-03-31,34362.72,34362.72,0027006449,2025-12-12 09:25:01,0027006449,2026-01-21 14:32:11,0
681,,0027027424,王阳,6979,SZST-ZQBJ20250523-0001,云业务营销部-营销二部-北京数聚智联双化校园数据治理服务项目,2025-07-31,900000,900000,0027006449,2025-12-12 09:25:01,0027006449,2026-01-21 14:32:11,0
682,,0027010968,李强,6979,SZNT-ZQHZ20250122-49124,阿里交付-2025年PO8822877638杭州转分包项目-一方分包-交付技术部,2025-07-31,326015.17,326015.17,0027006449,2025-12-12 09:25:01,0027006449,2026-01-21 14:32:11,0
683,,0027001572,田志勇,6984,SAMS-ZQMO20250914-0001,阿里黑盒-澳门Zoloz身份證掃描及驗證方案改造项目,2025-09-26,229996,229996,0027006449,2025-12-12 09:25:01,0027006449,2026-01-21 14:32:11,0
684,,0027031389,刘明,6985,SZNT-ZQHZ20250729-0004,阿里公有云-公共云-FY250341-PR8811702382-RFQ88469899-极米科技大数据搬栈项目,2025-08-30,268800,268800,0027006449,2025-12-12 09:25:01,0027006449,2026-01-21 14:32:11,0
685,,0027001572,田志勇,6984,SZST-ZQGZ20250821-0001,云营销-营销九部-南航数据QAR数据技术应用服务项目,2025-09-12,1840000,1940000,0027006449,2025-12-12 09:25:01,0027006449,2026-01-21 14:32:11,0
686,,0027026209,陈子维,6988,SZNT-ZQHZ20250115-0001,阿里灰盒-RFQ88456030-PR8811654792-202208042154-黑龙江高法一体化项目(二期）-数据运营驻场服务 1人1年驻场,2025-03-28,235000,235000,0027006449,2025-12-12 09:25:01,0027006449,2026-01-21 14:32:11,0
687,,0027032276,Alicia Tan,6982,SZST-ZQNN20250909-0001,云营销-营销十部-广西柳钢销售复盘场景数据治理中台开发服务项目,2025-10-30,422260,422260,0027006449,2025-12-12 09:25:01,0027006449,2026-01-21 14:32:11,0
688,,0027019657,余慧刚,6987,SZST-ZQHZ20241213-0003,浙江省-消防数据治理及智能应答采购项目,2025-01-24,1397500.36,1812500.36,0027006449,2025-12-12 09:25:01,0027006449,2026-01-21 14:32:11,0
689,,0027029748,颜佩,6984,SZST-ZQGZ20250307-0001,云业务营销部-营销九部-广东深圳周大福 DataLake 数据架构优化POC项目,2025-06-27,29800,29800,0027006449,2025-12-12 09:25:01,0027006449,2026-01-21 14:32:11,0
690,,0027029748,颜佩,6984,SZST-ZQGZ20250307-0002,云业务营销部-营销九部-广东深圳周大福 DataLake 数据架构优化项目,2025-06-27,500000,500000,0027006449,2025-12-12 09:25:01,0027006449,2026-01-21 14:32:11,0
691,,2027001452,胡佩妮,6983,SSHZ-ZQSH20250325-0001,云业务营销部+营销五部+上海松江警务中台回迁,2025-05-09,400000,400000,0027006449,2025-12-12 09:25:01,0027006449,2026-01-21 14:32:11,0
692,,0027020773,苗海燕,6983,SZST-ZQSH20250123-0001,上海大区+2024年捷豹路虎运维框架-2025年2-5月PO2,2025-04-18,367080,367080,0027006449,2025-12-12 09:25:01,0027006449,2026-01-21 14:32:11,0
693,,0027012645,汤菊豪,6983,SZNT-ZQHZ20250924-08124,阿里ASP-综合项目部上海PO8822935433分包项目软件服务订单,2025-10-02,55151.81,55151.81,0027006449,2025-12-12 09:25:01,0027006449,2026-01-21 14:32:11,0
694,,0027012034,杨志江,6986,SZNT-ZQXA20250516-0001,阿里灰盒-FY250232-PR8811684297-RFQ88464387-202501009303-西安市信创云服务项目（2025）-西安信创云-委办局应用迁云人力服务分包- X86调研,2025-06-30,256000,256000,0027006449,2025-12-12 09:25:01,0027006449,2026-01-21 14:32:11,0
695,,0027001572,田志勇,6984,SAMS-ZQMO20250914-0002,阿里黑盒-澳门出生一件事增加育儿津贴需求项目,2025-09-26,238842,238842,0027006449,2025-12-12 09:25:01,0027006449,2026-01-21 14:32:11,0
696,,0027001572,田志勇,6984,SAMS-ZQMO20250914-0003,阿里黑盒-澳門政府AI项目辦公輔助平台项目,2025-10-29,1054340,1054340,0027006449,2025-12-12 09:25:01,0027006449,2026-01-21 14:32:11,0
697,,0027012156,姜斌,6978,SZST-ZQHF20250325-0001,浩鲸科技-2025年-云业务营销一部-江苏-三只松鼠人力项目,2025-04-18,118000,118000,0027006449,2025-12-12 09:25:01,0027006449,2026-01-21 14:32:11,0
698,,0027001572,田志勇,6984,SAMS-ZQMO20250914-0004,阿里黑盒-澳门法务局系统重构SOW6-1项目,2025-09-30,12207480,12207480,0027006449,2025-12-12 09:25:01,0027006449,2026-01-21 14:32:11,0
699,,0027015006,潘勇杰,6984,SZST-ZQGZ20250512-0001,云营销-营销九部-广东体育职业学院合同项目,2025-06-27,275000,360000,0027006449,2025-12-12 09:25:01,0027006449,2026-01-21 14:32:11,0
700,,0027028849,赵嘉诚,6986,SZST-ZQXA20250324-0001,云营销-营销七部-咸阳广电数字人项目,2025-05-09,175000,175000,0027006449,2025-12-12 09:25:01,0027006449,2026-01-21 14:32:11,0
701,,0027028849,赵嘉诚,6986,SZST-ZQXA20250410-0001,云营销-营销七部-国际医学中心云运维（结算）,2025-05-16,45000,45000,0027006449,2025-12-12 09:25:01,0027006449,2026-01-21 14:32:11,0
702,,0027014711,李当然,6979,SZNT-ZQHZ20250123-0007,阿里灰盒--PR8811657507-RFQ88457191-202403023474-国家管网开放服务及交易平台（二期）技术服务框架三批次建设项目,2025-03-28,1332000,1632000,0027006449,2025-12-12 09:25:01,0027006449,2026-01-21 14:32:11,0
703,,0027020773,苗海燕,6983,SZST-ZQSH20250930-0001,云营销-营销五部-联合利华 AI coach 定开,2025-12-02,380000,380000,0027006449,2025-12-12 09:25:01,0027006449,2026-01-21 14:32:11,0
704,,0027006281,马鹏军,6979,SZNT-ZQHZ20250123-0005,F25Y-百炼专属天津国网信产大模型部署项目,2025-03-28,770000,770000,0027006449,2025-12-12 09:25:01,0027006449,2026-01-21 14:32:11,0
705,,0027030548,高翔,6983,SZNT-ZQSH20250717-0001,云营销-营销五部-卓易应用市场智能推荐项目,2025-07-31,80000,80000,0027006449,2025-12-12 09:25:01,0027006449,2026-01-21 14:32:11,0
706,,0027001572,田志勇,6984,SZNT-ZQGZ20250429-0001,阿里黑盒-广东财经大学校园一体化项目,2025-05-23,4690696,9450000,0027006449,2025-12-12 09:25:01,0027006449,2026-01-21 14:32:11,0
707,,0027032276,Alicia Tan,6982,SZST-ZQNN20241122-0001,营销十部-御云人力服务支撑合同,2025-03-05,0,0,0027006449,2025-12-12 09:25:01,0027006449,2026-01-21 14:32:11,0
708,,0027001572,田志勇,6984,SZNT-ZQHZ20250721-0001,阿里黑盒-VPR88100156666-RFQ88467348-【采购前置】研究生招生系统定制开发,2025-07-31,480000,1080000,0027006449,2025-12-12 09:25:01,0027006449,2026-01-21 14:32:11,0
709,,0027028877,崔爽,7100,SZST-ZQWH20251021-0002,浩鲸科技-2025年云智能业务经营中心 -云业务营销部 -人力-电子云AI产线非项目外包招聘交付工程师一年续约,2025-10-31,0,0,0027006449,2025-12-12 09:25:01,0027006449,2026-01-21 14:32:11,0
710,,0027020503,任志媛,6987,SZNT-ZQHZ20250904-0001,阿里灰盒-PR8811740092-RFQ88473174-202305019686-EOCC平台迁移,2025-09-30,159210,159210,0027006449,2025-12-12 09:25:01,0027006449,2026-01-21 14:32:11,0
711,,0027028877,崔爽,7100,SZST-ZQWH20251021-0001,浩鲸科技-2025年云智能业务经营中心 -云业务营销部 -人力-电子云AI应用平台高级后端研发工程师 (Golang)1人（第二人）人力项目,2025-10-31,0,0,0027006449,2025-12-12 09:25:01,0027006449,2026-01-21 14:32:11,0
712,,0027005061,张正东,7100,SZST-ZQWH20241231-0167,浩鲸科技-2024年云基础事业部-行业营销一部-人力-人保集团统一技术平台项目,2025-02-28,40260.17,40260.17,0027006449,2025-12-12 09:25:01,0027006449,2026-01-21 14:32:11,0
713,,0027014711,李当然,6979,SZST-ZQWH20250106-0002,中国三峡集团人工智能平台整合及优化完善（标段一）,2025-03-14,1121300,4321300,0027006449,2025-12-12 09:25:01,0027006449,2026-01-21 14:32:11,0
714,,0027028849,赵嘉诚,6986,SZST-ZQZZ20250616-0001,云营销-营销七部-祥钰电子数据中台项目,2025-07-03,300000,300000,0027006449,2025-12-12 09:25:01,0027006449,2026-01-21 14:32:11,0
715,,0027029696,李聪,6980,SZST-ZQZZ20251030-0001,云营销—营销六部—视博股份——数据治理项目,2025-11-17,560000,560000,0027006449,2025-12-12 09:25:01,0027006449,2026-01-21 14:32:11,0
716,,0027020503,任志媛,6987,SZNT-ZQHZ20250410-0004,阿里灰盒-FY250158-PR8811669246-RFQ88461209-202412007997-广东中调分签部分项目-AOP部署,2025-05-09,36000,36000,0027006449,2025-12-12 09:25:01,0027006449,2026-01-21 14:32:11,0
717,,0027026216,田刚,6978,SZST-ZQNJ20220424-0166,【自营】科技交付-2022徐州健康宝重保运维服务项目,2025-04-18,-50000,-50000,0027006449,2025-12-12 09:25:01,0027006449,2026-01-21 14:32:11,0
718,,0027028849,赵嘉诚,6986,SZNT-ZQHZ20250410-0001,阿里灰盒-云营销-营销七部-西安政务云等保密评项目,2025-05-09,88000,740000,0027006449,2025-12-12 09:25:01,0027006449,2026-01-21 14:32:11,0
719,,0027000851,黄勇,7474,SZST-ZQCS20240314-0194,娄底市综合交通运行协调与应急指挥系统（tocc）项目,2025-08-08,275000,275000,0027006449,2025-12-12 09:25:01,0027006449,2026-01-21 14:32:11,0
720,,0027029790,张恋,6978,SZST-ZQNJ20250721-0001,浩鲸科技-云业务营销一部-南京公共自行车公司APP和小程序运维项目,2025-07-31,125000,125000,0027006449,2025-12-12 09:25:01,0027006449,2026-01-21 14:32:11,0
721,,0027005061,张正东,7100,SZST-ZQWH20250918-02124,浩鲸科技-2025年阿里云服务支撑部-云业务营销部-人力-甘孜云2025扩容,2025-11-25,16000,16000,0027006449,2025-12-12 09:25:01,0027006449,2026-01-21 14:32:11,0
722,,0027031389,刘明,6985,SZST-ZQCD20251106-0001,商飞软件MAAS项目,2025-11-28,400000,400000,0027006449,2025-12-12 09:25:01,0027006449,2026-01-21 14:32:11,0
723,,0027020503,任志媛,6987,SZST-ZQHZ20240119-0266,浩鲸科技-2024年数综-阿里云通讯国内短信业务,2025-03-28,53265,53265,0027006449,2025-12-12 09:25:01,0027006449,2026-01-21 14:32:11,0
724,,0027030534,王磊,6983,SZNT-ZQHZ20250706-0001,阿里灰盒-PR8811698253-RFQ88468080-202503024661-FY26-Q1-M1-CDP及MDH运维-MDH运维支持,2025-09-26,62000,62000,0027006449,2025-12-12 09:25:01,0027006449,2026-01-21 14:32:11,0
725,,0027028877,崔爽,7100,SZST-ZQWH20250820-0001,浩鲸科技-2025年云智能业务经营中心 -云业务营销部 -人力-电子云行业云平台高级售前经理人力外包项目,2025-09-02,19800,19800,0027006449,2025-12-12 09:25:01,0027006449,2026-01-21 14:32:11,0
726,,0027014711,李当然,6979,SZST-ZQBJ20231122-0166,航空互联网2C功能优化项目技术服务框架协议,2025-05-30,167259.52,935759.52,0027006449,2025-12-12 09:25:01,0027006449,2026-01-21 14:32:11,0
727,,0027012645,汤菊豪,6983,SZNT-ZQHZ20251115-02124,阿里ASP-综合项目部杭州PO8822948846分包项目软件服务订单,2025-12-03,7653.6,7653.6,0027006449,2025-12-12 09:25:01,0027006449,2026-01-21 14:32:11,0
728,,0027020773,苗海燕,6983,SZNT-ZQSH20250522-0001,阿里黑盒-云营销+营销五部+2025年BP MI运维服务项目,2025-06-30,431997.8,431997.8,0027006449,2025-12-12 09:25:01,0027006449,2026-01-21 14:32:11,0
729,,0027020773,苗海燕,6983,SSHZ-ZQSH20250320-0001,营销五部+上海大区+上海市公安局杨浦分局智能体应用平台项目,2025-05-09,400000,400000,0027006449,2025-12-12 09:25:01,0027006449,2026-01-21 14:32:11,0
730,,0027012449,顾锬,6985,SZNT-ZQHZ20250626-0012,阿里灰盒-PR8811691825-RFQ88466246-202003003925-内江智慧公安项目-内江智慧公安现场技术支持人力资源采购分包,2025-10-31,242000,242000,0027006449,2025-12-12 09:25:01,0027006449,2026-01-21 14:32:11,0
731,,0027012034,杨志江,6986,SZST-ZQHH20250620-0001,云营销-营销七部-内蒙古2025年内蒙电力数据治理二期项目,2025-06-27,500229,500229,0027006449,2025-12-12 09:25:01,0027006449,2026-01-21 14:32:11,0
732,,0027001572,田志勇,6984,SZNT-ZQHZ20250718-0010,阿里黑盒-港科广基于数据中台的本研一体化教务系统项目,2025-07-31,3600000,3700000,0027006449,2025-12-12 09:25:01,0027006449,2026-01-21 14:32:11,0
733,,0027012156,姜斌,6978,SZST-ZQHZ20210513-1566,安徽宿州城管-数据工程项目,2025-11-13,-52716.8,-52716.8,0027006449,2025-12-12 09:25:01,0027006449,2026-01-21 14:32:11,0
734,,0027014711,李当然,6979,SZST-ZQBJ20250827-0002,云业务营销二部-HX数智科技有限公司投资管理系统建设项目,2025-09-30,82500,1650000,0027006449,2025-12-12 09:25:01,0027006449,2026-01-21 14:32:11,0
735,,0027012645,汤菊豪,6983,SZNT-ZQHZ20251119-15124,阿里ASP-云研发架构部杭州PO8822956574分包项目软件服务订单,2025-12-03,36494.37,36494.37,0027006449,2025-12-12 09:25:01,0027006449,2026-01-21 14:32:11,0
736,,0027012034,杨志江,6986,SZNT-ZQHZ20251020-12124,阿里ASP-云研发架构部杭州PO8822946420分包项目软件服务订单,2025-12-02,13632.13,13632.13,0027006449,2025-12-12 09:25:01,0027006449,2026-01-21 14:32:11,0
737,,0027006272,赵博文,6987,SZNT-ZQHZ20250521-03124,阿里ASP-政务云杭州PO8822901638分包项目软件服务订单,2025-09-04,95141.7849,95141.7849,0027006449,2025-12-12 09:25:01,0027006449,2026-01-21 14:32:11,0
738,,0027027169,李飞艳,6980,SZST-DTZZ20151126-0288,平顶山市电子政务外网线路租赁服务项目合同,2025-05-30,102600,1710000,0027006449,2025-12-12 09:25:01,0027006449,2026-01-21 14:32:11,0
739,,0027012156,姜斌,6978,SZST-ZQNJ20250911-0001,浩鲸科技-云业务营销一部-江苏-江苏红网-利安人寿项目+人力框架,2025-09-30,0,0,0027006449,2025-12-12 09:25:01,0027006449,2026-01-21 14:32:11,0
740,,0027020503,任志媛,6987,SZNT-ZQHZ20240422-0166,阿里灰盒-PR11502901-202402026035-西藏电力营销 2.0 组件采购-sunfire交付服务采购,2025-01-20,-736,-736,0027006449,2025-12-12 09:25:01,0027006449,2026-01-21 14:32:11,0
741,,0027028877,崔爽,7100,SZST-ZQWH20250702-0001,浩鲸科技-2025年云智能业务经营中心 -云业务营销部 -人力-电子云天津运维工程师人力外包项目,2025-07-18,39456.52,39456.52,0027006449,2025-12-12 09:25:01,0027006449,2026-01-21 14:32:11,0
742,,0027032276,Alicia Tan,7472,SZNT-ZQHZ20250409-0016,阿里黑盒-PR8811668733／VPR88100139793－吉林省医保云平台二期,2025-04-25,420000,420000,0027006449,2025-12-12 09:25:01,0027006449,2026-01-21 14:32:11,0
743,,0027028877,崔爽,7100,SZST-ZQWH20251028-0002,浩鲸科技-2025年云智能业务经营中心 -云业务营销部 -人力-【RW20251028002778】中广核数据资产项目RP人力续签采购项目,2025-11-13,0,0,0027006449,2025-12-12 09:25:01,0027006449,2026-01-21 14:32:11,0
744,,0027028877,崔爽,7100,SZST-ZQWH20251028-0001,浩鲸科技-2025年云智能业务经营中心 -云业务营销部 -人力-【RW20251028002766】扬州市信创政务云项目运维人力外包,2025-11-13,0,0,0027006449,2025-12-12 09:25:01,0027006449,2026-01-21 14:32:11,0
745,,0027020503,任志媛,6987,SSIT-ZQHZ20231113-0666,浩鲸科技-2024年-数综浙江-阿里云通讯语音生态合作,2025-11-13,151625.5037,151625.5037,0027006449,2025-12-12 09:25:01,0027006449,2026-01-21 14:32:11,0
746,,0027011799,杜成鹏,6978,SZNT-ZQHZ20250718-0008,阿里灰盒-PR8811703242-RFQ88469526-202305031764-苏州园区苏州中心数字孪生-苏州园区金鸡湖数字孪生PM,2025-08-30,47500,47500,0027006449,2025-12-12 09:25:01,0027006449,2026-01-21 14:32:11,0
747,,0027010968,李强,6979,SZNT-ZQHZ20250718-0009,阿里灰盒-VPR88100158931-RFQ88469425-【采购前置】满帮海外大数据迁移java定开,2025-10-31,175000,175000,0027006449,2025-12-12 09:25:01,0027006449,2026-01-21 14:32:11,0
748,,0027028933,张术艳,6988,SZST-ZQHZ20250526-0008,云营销-营销三部-山东青岛海尔运维项目,2025-06-27,465000,465000,0027006449,2025-12-12 09:25:01,0027006449,2026-01-21 14:32:11,0
749,,0027028877,崔爽,7100,SZST-ZQWH20251113-0001,浩鲸科技-2025年云智能业务经营中心 -云业务营销部 -人力-【RW20251027002750】AI产线质量部测试外包一人服务项目,2025-12-04,0,0,0027006449,2025-12-12 09:25:01,0027006449,2026-01-21 14:32:11,0
750,,0027028849,赵嘉诚,6986,SZST-ZQHH20250525-0001,云营销-营销七部-华强数智数据中台项目,2025-06-30,82250,904750,0027006449,2025-12-12 09:25:01,0027006449,2026-01-21 14:32:11,0
751,,0027005061,张正东,7100,SZST-ZQWH20240523-0167,浩鲸科技-2024年云基础事业部 -行业营销一部 -人力-电子云-四川甘孜云平台运维服务项目,2025-01-30,57600,57600,0027006449,2025-12-12 09:25:01,0027006449,2026-01-21 14:32:11,0
752,,0027019336,杨亭亭,6980,SZST-ZQZZ20250513-0001,云业务营销部-营销六部-中建七局智能合同风险模块建设项目,2025-06-27,466375,466375,0027006449,2025-12-12 09:25:01,0027006449,2026-01-21 14:32:11,0
753,,0027029790,张恋,6978,SZNT-ZQNJ20250923-0001,阿里黑盒-PR8811759549-RFQ88474804-正大天晴一期大数据迁移,2025-11-21,18400,18400,0027006449,2025-12-12 09:25:01,0027006449,2026-01-21 14:32:11,0
754,,0027029696,李聪,6980,SZST-ZQZZ20250611-0002,云营销-营销六部-卫华重型机械-起重装备行业人工智能赋能平台采购项目,2025-06-30,1350000,1400000,0027006449,2025-12-12 09:25:01,0027006449,2026-01-21 14:32:11,0
755,,2027001452,胡佩妮,6983,SZST-ZQHZ20250825-0005,云业务营销部+营销五部+光明乳业项目AI,2025-09-18,220000,220000,0027006449,2025-12-12 09:25:01,0027006449,2026-01-21 14:32:11,0
756,,0027012645,汤菊豪,6983,SZNT-ZQHZ20251024-21124,阿里ASP-云研发架构部杭州PO8822931123分包项目软件服务订单,2025-12-02,24319.44,24319.44,0027006449,2025-12-12 09:25:01,0027006449,2026-01-21 14:32:11,0
757,,0027011999,耿强,6988,SZNT-ZQHZ20250818-11124,阿里ASP-综合项目部青岛PO8822909954分包项目软件服务订单,2025-09-04,50459.07,50459.07,0027006449,2025-12-12 09:25:01,0027006449,2026-01-21 14:32:11,0
758,,0027011799,杜成鹏,6978,SZNT-ZQHF20250509-0001,阿里灰盒-FY250221-PR8811682042-RFQ88463938-202101013475-安庆市医疗信息保障平台-30人天的副厂项目经理现场-交付服务分包1,2025-06-27,47500,47500,0027006449,2025-12-12 09:25:01,0027006449,2026-01-21 14:32:11,0
759,,0027030557,何小凤,6987,SZST-ZQHZ20240814-02117,浩鲸科技-2024年-国药控股物流供应链控制塔平台建设项目(鲸智数据工厂项目),2025-06-06,918140,918140,0027006449,2025-12-12 09:25:01,0027006449,2026-01-21 14:32:11,0
760,,2027001448,王晶,6987,SZNT-ZQHZ20250409-0009,阿里灰盒-PR8811672991-RFQ88461916-202305022186-浙江算力中心项目-浙江算力中心项目+申威适配项目经理,2025-05-09,630360,630360,0027006449,2025-12-12 09:25:01,0027006449,2026-01-21 14:32:11,0
761,,2027001448,王晶,6987,SZNT-ZQHZ20250327-0011,阿里灰盒-FY250140-PR8811667013-RFQ88460496-202411003410-云平台扩容-浙江算力中心一期三阶段+云平台交付,2025-05-27,143100,143100,0027006449,2025-12-12 09:25:01,0027006449,2026-01-21 14:32:11,0
762,,0027030612,李真,6988,SZST-ZQJN20251020-0002,云营销-营销三部-2025百度智能云（龙口》未来社区产业基地项目企业运营平台项目,2025-11-10,500000,650000,0027006449,2025-12-12 09:25:01,0027006449,2026-01-21 14:32:11,0
763,,2027001448,王晶,6987,SZNT-ZQHZ20250327-0010,阿里灰盒-FY250093-PR8811664794-RFQ88459959-202412008019-国资云扩容-杭州国资云二阶段+云平台扩容分包202412008019-国资云扩容-杭州国资云二阶段+云平台扩容分包,2025-05-27,76500,76500,0027006449,2025-12-12 09:25:01,0027006449,2026-01-21 14:32:11,0
764,,0027020773,苗海燕,6983,SSHZ-ZQSH20250922-0001,云智能-营销五部-上海市公安局奉贤分局大数据底座警务中台重构项目,2025-11-03,2800000,2800000,0027006449,2025-12-12 09:25:01,0027006449,2026-01-21 14:32:11,0
765,,0027027169,李飞艳,6980,SZNT-ZQBJ20251020-0003,阿里黑盒-SMB-PR8811703465-航天亮丽电气有限责任公司项目AI定制化采购,2025-10-31,8640,288000,0027006449,2025-12-12 09:25:01,0027006449,2026-01-21 14:32:11,0
766,,0027027169,李飞艳,6980,SZNT-ZQBJ20251020-0002,阿里黑盒-SMB-PR8811754324-深圳云创数字能源有限公司,2025-11-10,6189.09,206303.01,0027006449,2025-12-12 09:25:01,0027006449,2026-01-21 14:32:11,0
767,,0027027169,李飞艳,6980,SZNT-ZQBJ20251020-0001,阿里黑盒-SMB-PR8811754332-大连国业工程技术有限公司,2025-11-13,6920.72,230690.65,0027006449,2025-12-12 09:25:01,0027006449,2026-01-21 14:32:11,0
768,,0027020503,任志媛,6987,SZNT-ZQHZ20250314-0005,阿里灰盒-VPR88100148197-RFQ88460121-【采购前置】江西烟草AOP交付,2025-06-27,48000,48000,0027006449,2025-12-12 09:25:01,0027006449,2026-01-21 14:32:11,0
769,,0027001572,田志勇,6984,SZNT-ZQHZ20250116-0018,阿里黑盒-PR8811656805-RFQ88456854-通义灵码工程技术实施分包,2025-04-25,64000,64000,0027006449,2025-12-12 09:25:01,0027006449,2026-01-21 14:32:11,0
770,,0027027169,李飞艳,6980,SZNT-ZQBJ20251020-0007,阿里黑盒-SMB-PR8811700415-窦春龙系统定制交付服务,2025-11-29,608.63,20287.66,0027006449,2025-12-12 09:25:01,0027006449,2026-01-21 14:32:11,0
771,,0027012645,汤菊豪,6983,SZNT-ZQHZ20250917-02124,阿里ASP-综合项目部珠海PO8822927584分包项目软件服务订单,2025-10-02,75557.82,75557.82,0027006449,2025-12-12 09:25:01,0027006449,2026-01-21 14:32:11,0
772,,0027006281,马鹏军,6979,SZST-ZQBJ20251028-0004,云业务营销二部-北京-伊利乳酪陈列算法识别项目,2025-11-18,318750,318750,0027006449,2025-12-12 09:25:01,0027006449,2026-01-21 14:32:11,0
773,,0027027169,李飞艳,6980,SZNT-ZQBJ20251020-0006,阿里黑盒-SMB-PR8811700746-北京中环博宏环境资源科技有限公司采购,2025-11-04,2793.6,93120,0027006449,2025-12-12 09:25:01,0027006449,2026-01-21 14:32:11,0
774,,0027030534,王磊,6983,SZNT-ZQSH20250911-0001,阿里黑盒-雅诗兰黛迁云搬栈,2025-12-04,77000,77000,0027006449,2025-12-12 09:25:01,0027006449,2026-01-21 14:32:11,0
775,,0027027169,李飞艳,6980,SZNT-ZQBJ20251020-0005,阿里黑盒-SMB-PR8811700452- 方圆标志认证集团有限公司项目AI定制化采购,2025-10-31,9302.4,310080,0027006449,2025-12-12 09:25:01,0027006449,2026-01-21 14:32:11,0
776,,0027027169,李飞艳,6980,SZNT-ZQBJ20251020-0004,阿里黑盒-SMB-PR8811747621-盐城达翔新能源有限公司项目AI定制化采购,2025-10-31,12153.6,405120,0027006449,2025-12-12 09:25:01,0027006449,2026-01-21 14:32:11,0
777,,0027028877,崔爽,7100,SZST-ZQWH20250714-0001,浩鲸科技-2025年云智能业务经营中心 -云业务营销部 -人力-电子云AI产线非项目外包招聘交付工程师续约,2025-07-18,50450.99,50450.99,0027006449,2025-12-12 09:25:01,0027006449,2026-01-21 14:32:11,0
778,,0027012034,杨志江,6986,SZNT-ZQXA20251117-0001,云营销-营销七部-西安市红兔教育APP开发一期项目,2025-12-04,1500000,1500000,0027006449,2025-12-12 09:25:01,0027006449,2026-01-21 14:32:11,0
779,,0027032276,Alicia Tan,6979,SZST-ZQSJ20250530-0001,云业务营销部-营销二部-邯郸市综合城市运营服务平台,2025-06-27,10850000,29950000,0027006449,2025-12-12 09:25:01,0027006449,2026-01-21 14:32:11,0
780,,0027031475,李浩,6987,SZST-ZQCD20250915-0001,浩鲸科技-云业务营销四部-中材智科人力需求1,2025-10-15,0,0,0027006449,2025-12-12 09:25:01,0027006449,2026-01-21 14:32:11,0
781,,0027006272,赵博文,6987,SZNT-ZQHZ20250425-12124,阿里ASP-综合项目部南宁PO8822892751分包项目软件服务订单,2025-05-09,26893.78,26893.78,0027006449,2025-12-12 09:25:01,0027006449,2026-01-21 14:32:11,0
782,,0027012645,汤菊豪,6983,SZNT-ZQHZ20250526-03124,阿里ASP-综合项目部南京PO8822894373分包项目软件服务订单,2025-07-31,32789.66,32789.66,0027006449,2025-12-12 09:25:01,0027006449,2026-01-21 14:32:11,0
783,,0027019657,余慧刚,6987,SZNT-ZQHZ20250515-0009,阿里黑盒-FY250228-PR8811683928-RFQ88464337-202504022540-云服务交付-大模型一方服务分包,2025-06-27,48000,48000,0027006449,2025-12-12 09:25:01,0027006449,2026-01-21 14:32:11,0
784,,0027012645,汤菊豪,6983,SZNT-ZQHZ20250905-04124,阿里ASP-云研发架构部珠海PO8822934518分包项目软件服务订单,2025-10-04,36124.99,36124.99,0027006449,2025-12-12 09:25:01,0027006449,2026-01-21 14:32:11,0
785,,0027032276,Alicia Tan,6982,SZST-ZQNN20250415-0001,营销十部-广西柳钢-御云4人月人力支撑项目3.0,2025-04-25,0,0,0027006449,2025-12-12 09:25:01,0027006449,2026-01-21 14:32:11,0
786,,0027031012,蒋珊,7472,SZNT-ZQHZ20250814-0015,阿里黑盒-PR8811717563-RFQ88471114-202501012492-河北电力大模型项目-技术支持-河北国网百炼及智能体技术支持25年,2025-10-31,21500,21500,0027006449,2025-12-12 09:25:01,0027006449,2026-01-21 14:32:11,0
787,,0027018313,朱伟臻,6987,SZNT-ZQHZ20241230-0003,阿里灰盒-营销四部-宁波城市大脑迁云项目,2025-05-30,190700,190700,0027006449,2025-12-12 09:25:01,0027006449,2026-01-21 14:32:11,0
788,,0027010968,李强,6979,SZNT-ZQBJ20250507-0001,阿里公有云-PR8811677309-RFQ88463019-中交兴路大数据迁云服务,2025-12-04,118000,118000,0027006449,2025-12-12 09:25:01,0027006449,2026-01-21 14:32:11,0
789,,0027015006,潘勇杰,6984,SZST-ZQGZ20250117-0001,广州公交集团集中采购平台系统运维服务采购项目,2025-02-20,53950,415000,0027006449,2025-12-12 09:25:01,0027006449,2026-01-21 14:32:11,0
790,,0027006281,马鹏军,6979,SZST-ZQHZ20251104-0001,蒙牛乳业数智科创部2025-26年度一盘货订单中心推广采购项目,2025-12-02,0,0,0027006449,2025-12-12 09:25:01,0027006449,2026-01-21 14:32:11,0
791,,0027010786,张宏骏,6985,SZST-ZQHZ20191105-0214,阿里云数字拉萨智慧交通项目人力外包合同,2025-03-28,-368371.2,-368371.2,0027006449,2025-12-12 09:25:01,0027006449,2026-01-21 14:32:11,0
792,,0027032276,Alicia Tan,7472,SZNT-ZQHZ20250121-0026,阿里公有云-PR8811655609-RFQ88456305-理想ENA迁云服务项目,2025-02-28,576000,576000,0027006449,2025-12-12 09:25:01,0027006449,2026-01-21 14:32:11,0
793,,0027011799,杜成鹏,6978,SZNT-ZQHF20250908-0001,阿里灰盒-PR8811738211-RFQ88472906-202101013475-安庆市医疗信息保障平台-30人天的副厂项目经理现场-交付服务分包4-5,2025-10-31,47500,47500,0027006449,2025-12-12 09:25:01,0027006449,2026-01-21 14:32:11,0
794,,0027005061,张正东,7100,SZST-ZQWH20240412-0167,浩鲸科技-2024年云基础事业部 -行业营销一部 -人力-电子云-北京安可云运维项目,2025-04-30,110144.95,110144.95,0027006449,2025-12-12 09:25:01,0027006449,2026-01-21 14:32:11,0
795,,0027001572,田志勇,6984,SAMS-ZQMO20241130-0001,阿里黑盒-澳门商社通定制包第九批项目,2025-04-25,-384144,-384144,0027006449,2025-12-12 09:25:01,0027006449,2026-01-21 14:32:11,0
796,,0027010968,李强,6979,SZST-ZQSJ20250909-0001,冀中云智邢台区域2025年项目物资采购（第二批）,2025-09-30,299980,299980,0027006449,2025-12-12 09:25:01,0027006449,2026-01-21 14:32:11,0
797,,0027014711,李当然,6979,SZST-ZQBJ20230228-0166,北京市中国版权保护中心阿里云产品框架服务项目,2025-01-20,-247858,-247858,0027006449,2025-12-12 09:25:01,0027006449,2026-01-21 14:32:11,0
798,,0027010790,谭敏,6982,SZST-ZQTY20240806-0194,营销十部-稷山县智慧应急平台建设项目,2025-10-08,6912523.36,,0027006449,2025-12-12 09:25:01,0027006449,2026-01-21 14:32:11,0
799,,0027018313,朱伟臻,6987,SZNT-ZQHZ20251030-0003,阿里黑盒-营销四部-浙江-正泰集团集团客服大模型项目,2025-12-04,300000,300000,0027006449,2025-12-12 09:25:01,0027006449,2026-01-21 14:32:11,0
800,,0027012449,顾锬,6985,SZST-ZQGY20251104-0002,营销八部-贵州空港-deepseek多模型一体机软件项目,2025-11-19,236000,236000,0027006449,2025-12-12 09:25:01,0027006449,2026-01-21 14:32:11,0
801,,0027032276,Alicia Tan,7472,SZNT-ZQHZ20250402-0004,阿里公共云-PR8811671228-RFQ88461645-洋钱罐印尼大数据搬栈,2025-06-20,270000,270000,0027006449,2025-12-12 09:25:01,0027006449,2026-01-21 14:32:11,0
802,,0027005061,张正东,7100,SZST-ZQNJ20250527-0001,浩鲸科技-2025年云基础事业部-营销十四部-项目-吴江水务局-poc数字人,2025-09-18,40000,40000,0027006449,2025-12-12 09:25:01,0027006449,2026-01-21 14:32:11,0
803,,0027012449,顾锬,6985,SZST-ZQGY20251104-0001,营销八部-贵州空港-deepseek多模型一体机硬件项目,2025-11-19,-88450,1630000,0027006449,2025-12-12 09:25:01,0027006449,2026-01-21 14:32:11,0
804,,0027032276,Alicia Tan,7472,SZST-ZQBJ20250421-0001,百度云-如流&蓝凌OA定制化项目,2025-06-20,187000,187000,0027006449,2025-12-12 09:25:01,0027006449,2026-01-21 14:32:11,0
805,,0027010968,李强,6979,SZNT-ZQHZ20240725-05117,阿里池化-PO22786985-管网二期PO2能力中心采购-BPID202310004913国家管网二期PO2订单项目-能力中心技术采购,2025-02-14,231027.91,231027.91,0027006449,2025-12-12 09:25:01,0027006449,2026-01-21 14:32:11,0
806,,0027026216,田刚,6978,SZNT-ZQHZ20250314-0001,阿里灰盒-PR8811665207-RFQ88460072-202308012875-常州市城运中心二期研判中心项目,2025-03-31,105000,105000,0027006449,2025-12-12 09:25:01,0027006449,2026-01-21 14:32:11,0
807,,0027012034,杨志江,6986,SZNT-ZQTY20241216-0002,山西晋能控股招标采购平台云迁移,2025-01-24,80000,80000,0027006449,2025-12-12 09:25:01,0027006449,2026-01-21 14:32:11,0
808,,0027006281,马鹏军,6979,SZST-ZQBJ20250730-0001,阿里黑盒-云业务营销二部-伊利高德零售项目,2025-08-29,222000,222000,0027006449,2025-12-12 09:25:01,0027006449,2026-01-21 14:32:11,0
809,,0027032276,Alicia Tan,6979,SZST-ZQSJ20241028-01117,冀中云平台增项项目（项目编号：JZEG-JG-24-E-F-02280）,2025-01-14,288000,3600000,0027006449,2025-12-12 09:25:01,0027006449,2026-01-21 14:32:11,0
810,,0027019862,王洪运,7473,SZST-ZQHZ20200728-0140,郑州市交警支队交通大脑交通态势系统项目,2025-06-30,-143409.6,-143409.6,0027006449,2025-12-12 09:25:02,0027006449,2026-01-21 14:32:11,0
811,,0027010968,李强,6979,SZNT-ZQHZ20251105-0001,阿里黑盒-唐山钢铁集团有限责任公司铁前数字化转型咨询项目,2025-11-29,217500,367500,0027006449,2025-12-12 09:25:02,0027006449,2026-01-21 14:32:11,0
812,,0027020503,任志媛,6987,SZNT-ZQHZ20250902-0001,阿里灰盒-R8811738256-RFQ88472924-202305019686-EOCC平台迁移支撑-国网总部云平台告警优化及白盒化,2025-09-30,215000,215000,0027006449,2025-12-12 09:25:02,0027006449,2026-01-21 14:32:11,0
813,,0027015006,潘勇杰,6984,SZST-ZQGZ20251011-0001,云营销-营销九部- 广医科智慧校园项目,2025-10-31,5997572.9,6697572.9,0027006449,2025-12-12 09:25:02,0027006449,2026-01-21 14:32:11,0
814,,0027012645,汤菊豪,6983,SZNT-ZQSH20250307-02124,阿里ASP-综合项目部南京PO8822884388分包项目软件服务订单,2025-06-27,58292.74,58292.74,0027006449,2025-12-12 09:25:02,0027006449,2026-01-21 14:32:11,0
815,,0027001572,田志勇,6984,SAMS-ZQMO20250121-0001,阿里黑盒-PR11486940-RFQ88456963-浩鯨开发培训,2025-04-18,115875.2899,115875.2899,0027006449,2025-12-12 09:25:02,0027006449,2026-01-21 14:32:11,0
816,,0027027424,王阳,6979,SZNT-ZQHZ20250603-0011,阿里灰盒-PR8811688376-RFQ88465436-202408047772-在线学习平台-混合云-国能党校学习平台-定开,2025-06-27,20000,20000,0027006449,2025-12-12 09:25:02,0027006449,2026-01-21 14:32:11,0
817,,0027019657,余慧刚,6987,SZNT-ZQHZ20250716-0006,阿里黑盒-PR8811702413-RFQ88469394-202411003052-之江一朵云 （CPU）-一朵云CPU+GPU扩容部署交付-第二阶段,2025-09-03,730000,730000,0027006449,2025-12-12 09:25:02,0027006449,2026-01-21 14:32:11,0
818,,0027012156,姜斌,6978,SZST-ZQHF20250319-0001,浩鲸科技-2025年-云业务营销一部-江苏-三只松鼠AI咨询,2025-05-09,71800,71800,0027006449,2025-12-12 09:25:02,0027006449,2026-01-21 14:32:11,0
819,,0027031012,蒋珊,7472,SZNT-ZQSJ20251021-0001,阿里黑盒-PR8811783392-RFQ88475847-202501012492-河北电力大模型项目-技术支持-河北国网百炼及智能体技术支持25年10月,2025-11-29,21000,21000,0027006449,2025-12-12 09:25:02,0027006449,2026-01-21 14:32:11,0
820,,0027012645,汤菊豪,6983,SZNT-ZQHZ20250910-04124,阿里ASP-云研发架构部合肥PO8822936871分包项目软件服务订单,2025-10-02,28277.37,28277.37,0027006449,2025-12-12 09:25:02,0027006449,2026-01-21 14:32:11,0
821,,0027012156,姜斌,6978,SZST-ZQNJ20250625-0003,浩鲸科技-云业务营销一部-江苏-红网人力项目,2025-07-17,0,0,0027006449,2025-12-12 09:25:02,0027006449,2026-01-21 14:32:11,0
822,,0027005061,张正东,7100,SZST-ZQWH20240726-0167,浩鲸科技-2024年云基础事业部 -行业营销一部 -人力-电子云-江西抚州云平台运维项目,2025-04-30,148816.25,148816.25,0027006449,2025-12-12 09:25:02,0027006449,2026-01-21 14:32:11,0
823,,0027018313,朱伟臻,6987,SZNT-ZQHZ20250912-0003,阿里黑盒-PR8811691991-RFQ88467192-吉利动力研究院大数据迁移,2025-11-07,38500,38500,0027006449,2025-12-12 09:25:02,0027006449,2026-01-21 14:32:11,0
824,,0027010968,李强,6979,SZNT-ZQHZ20250912-0006,阿里灰盒-PR8811732042-RFQ88472372-202411010641-地质调查调度指挥信息系统开,2025-11-06,380000,380000,0027006449,2025-12-12 09:25:02,0027006449,2026-01-21 14:32:11,0
825,,0027026209,陈子维,6988,SZST-DTJN20220322-0166,山东省委党校数据平台建设项目,2025-11-28,-20000,-20000,0027006449,2025-12-12 09:25:02,0027006449,2026-01-21 14:32:11,0
826,,0027018313,朱伟臻,6987,SZNT-ZQHZ20250912-0005,阿里黑盒-PR8811667418-RFQ88460724-吉利动力研究院大数据迁移,2025-09-30,155000,155000,0027006449,2025-12-12 09:25:02,0027006449,2026-01-21 14:32:11,0
827,,2027001452,胡佩妮,6983,SSHZ-ZQSH20250804-0001,云业务营销部+营销五部+商飞云资源大屏项目,2025-08-14,130000,130000,0027006449,2025-12-12 09:25:02,0027006449,2026-01-21 14:32:11,0
828,,0027010786,张宏骏,6985,SZST-ZQHZ20191105-0114,阿里云数字拉萨项目维护部分项目人力服务外包订单,2025-03-28,-1476076,-1476076,0027006449,2025-12-12 09:25:02,0027006449,2026-01-21 14:32:11,0
829,,0027019657,余慧刚,6987,SZNT-ZQHZ20250304-0002,阿里灰盒-FY250082-PR8811662922-RFQ88459401-202410000317阿里云&一朵云租赁2025+驻场人员分包,2025-05-09,480000,480000,0027006449,2025-12-12 09:25:02,0027006449,2026-01-21 14:32:11,0
830,,0027005061,张正东,7100,SZST-ZQWH20251121-03124,浩鲸科技-2025年阿里云服务支撑部-云业务营销部-人力-WJ虚拟化,2025-11-28,10975.74,10975.74,0027006449,2025-12-12 09:25:02,0027006449,2026-01-21 14:32:11,0
831,,0027018313,朱伟臻,6987,SZNT-ZQHZ20250912-0002,阿里黑盒-PR8811694876-RFQ88467305-南京图灵大数据迁移,2025-09-30,158000,158000,0027006449,2025-12-12 09:25:02,0027006449,2026-01-21 14:32:11,0
832,,0027010968,李强,6979,SZNT-ZQHZ20250304-0001,阿里公有云-PR8811662844-RFQ88459330-中交兴路大数据迁云服务,2025-12-04,91500,91500,0027006449,2025-12-12 09:25:02,0027006449,2026-01-21 14:32:11,0
833,,0027019657,余慧刚,6987,SZNT-ZQHZ20251010-0002,阿里黑盒-阿里灰盒-PR8811765652-RFQ88474914-202411003052-之江一朵云 （CPU）-一朵云CPU+GPU扩容部署交付-第三阶段,2025-11-13,520000,520000,0027006449,2025-12-12 09:25:02,0027006449,2026-01-21 14:32:11,0
834,,0027020773,苗海燕,6983,SZNT-ZQHZ20251010-0001,阿里黑盒--PR8811727203-RFQ88473007-喜马拉雅喜播&亲子训练营大数据迁移-8.2,2025-11-10,79500,79500,0027006449,2025-12-12 09:25:02,0027006449,2026-01-21 14:32:11,0
835,,0027026209,陈子维,6988,SZST-ZQHZ20231102-0566,济南公安大脑项目变更协议,2025-03-28,500000,500000,0027006449,2025-12-12 09:25:02,0027006449,2026-01-21 14:32:11,0
836,,0027001572,田志勇,6984,SZST-ZQGZ20250305-0101,云营销-营销九部-广东南航空厨业务管理系统项目,2025-03-28,1605768,7205768,0027006449,2025-12-12 09:25:02,0027006449,2026-01-21 14:32:11,0
837,,0027028877,崔爽,7100,SZST-ZQWH20251111-0001,浩鲸科技-2025年云智能业务经营中心 -云业务营销部 -人力-【RW20251111002990】南沙项目浩鲸人力外包服务项目,2025-12-04,0,0,0027006449,2025-12-12 09:25:02,0027006449,2026-01-21 14:32:11,0
838,,0027005061,张正东,7100,SZST-ZQWH20250921-01124,浩鲸科技-2025年阿里云服务支撑部-云业务营销部-人力-河北省政务云,2025-10-27,44725.04,44725.04,0027006449,2025-12-12 09:25:02,0027006449,2026-01-21 14:32:11,0
839,,0027028877,崔爽,7100,SZST-ZQHZ20250612-0010,新华三集团-智算中心运维服务项目-人力型框架包2,2025-09-12,0,0,0027006449,2025-12-12 09:25:02,0027006449,2026-01-21 14:32:11,0
840,,0027030937,张月影,6984,SZST-ZQSH20250611-0001,云营销-销售九部-广东深圳华润万家技术开发项目,2025-07-17,273750,332750,0027006449,2025-12-12 09:25:02,0027006449,2026-01-21 14:32:11,0
841,,0027026209,陈子维,6988,SZNT-ZQHZ20250804-0011,阿里灰盒-PR8811714173-RFQ88470826-202112022841-吉林省医保云平台二期-吉林医保二期-ADB数据迁移,2025-08-30,86000,86000,0027006449,2025-12-12 09:25:02,0027006449,2026-01-21 14:32:11,0
842,,0027006281,马鹏军,6979,SZST-ZQHH20251022-0001,云业务营销二部-伊利婴儿粉视觉算法项目,2025-11-24,591450,591450,0027006449,2025-12-12 09:25:02,0027006449,2026-01-21 14:32:11,0
843,,0027006281,马鹏军,6979,SZST-ZQBJ20250428-0001,北京发改委2025年运维项目,2025-05-16,500000,2736800,0027006449,2025-12-12 09:25:02,0027006449,2026-01-21 14:32:11,0
844,,0027030557,何小凤,6987,SZNT-ZQHZ20250430-0002,阿里黑盒-PR8811680129太古大数据迁移项目,2025-06-06,116000,116000,0027006449,2025-12-12 09:25:02,0027006449,2026-01-21 14:32:11,0
845,,0027032276,Alicia Tan,6982,CS2222,南京软件谷智慧园区销售合同,2025-10-16,,500000,0027028836,2025-11-11 14:20:47,,2026-01-15 09:35:33,0
846,,0000000001,王小明,6978,HT2025-XM001,王小明-2025年A省政企云项目合同,2025-03-10,500000,3000000,0000000001,2025-12-01 10:00:00,0000000001,2025-12-01 10:00:00,0
847,,0027026216,田刚,6978,SZST-GL2025-0001,广陵新城管委会智慧园区项目-数据中台及BI合同,2025-06-15,200000,1500000,0027026216,2025-06-15 14:00:00,0027026216,2025-06-15 14:00:00,0
